NlmUniqueID	oa_sherpa
9015384	yes
101269322	yes
101223209	yes
100960111	yes
101674571	yes
9418450	yes
8904605	yes
8917200	yes
0157313	yes
9100813	yes
101504991	yes
101654670	yes
101282906	yes
101525337	yes
101654580	yes
101313589	yes
101669031	yes
101575075	yes
0370270	yes
14520300R	yes
101233144	yes
0421520	yes
101247110	yes
0370571	yes
0370306	yes
9425483	yes
101620182	yes
101609037	yes
101620313	yes
101676043	yes
101620319	yes
0370307	yes
0370310	yes
9200299	yes
0141053	yes
7906803	yes
9705947	yes
9434021	yes
0151000	yes
0247035	yes
0370336	yes
0412041	yes
101610673	yes
9612501	yes
0370343	yes
0370344	yes
8709065	yes
101468102	yes
0370354	yes
101770938	yes
9205968	yes
9301947	yes
9303678	yes
100956087	yes
101262545	yes
0370364	yes
8706123	yes
8406376	yes
0370400	yes
101771154	yes
9304117	yes
8701671	yes
9604935	yes
101316917	yes
9304118	yes
101567863	yes
8914574	yes
101775319	yes
8710523	yes
9612021	yes
101581613	yes
9885358	yes
101125644	yes
101540874	yes
100913944	yes
101697329	yes
101734172	yes
101664569	yes
100911021	yes
8611864	yes
101590593	yes
9707469	yes
7701756	yes
101146510	yes
101255062	yes
101520860	yes
0375655	yes
101128963	yes
7502265	yes
101508617	yes
101130839	yes
101132995	yes
9808210	yes
9705773	yes
8710219	yes
9712133	yes
8915313	yes
9607225	yes
8709376	yes
101237921	yes
8003708	yes
101631047	yes
101518076	yes
8310684	yes
7707242	yes
8707234	yes
0370073	yes
9616296	yes
7804028	yes
8110074	yes
100953980	yes
101231978	yes
101511643	yes
0414670	yes
9208821	yes
101082834	yes
9114917	yes
100898738	yes
0370467	yes
100967755	yes
7901431	yes
100895290	yes
0376027	yes
0370470	yes
0364535	yes
9211547	yes
7911005	yes
7502510	yes
8309942	yes
7910653	yes
8108948	yes
0421030	yes
9309609	yes
9602338	yes
8701680	yes
9503023	yes
7610369	yes
9008229	yes
8915029	yes
0370475	yes
8803676	yes
8101110	yes
101492916	yes
7509572	yes
9613960	yes
101235741	yes
101235742	yes
101235745	yes
9300756	yes
0370506	yes
101287723	yes
8109361	yes
0372646	yes
7705978	yes
0400640	yes
0370502	yes
8405212	yes
8803677	yes
100901225	yes
100901226	yes
100901227	yes
100901228	yes
100901229	yes
100901230	yes
100901990	yes
8108949	yes
0370512	yes
0372630	yes
0110672	yes
1254074	yes
8912860	yes
8917225	yes
9421642	yes
9114726	yes
7609541	yes
7707904	yes
9441347	yes
100968638	yes
0370507	yes
0375011	yes
2984688R	yes
0370521	yes
101649265	yes
0364220	yes
14730560R	yes
9200312	yes
9433802	yes
101765626	yes
101652401	yes
0342017	yes
0370524	yes
0370525	yes
101134327	yes
0370536	yes
101519733	yes
8511078	yes
0372652	yes
9109478	yes
7704218	yes
101292775	yes
101392205	yes
101154140	yes
0423506	yes
101585129	yes
1310650	yes
101273663	yes
1300217	yes
0370543	yes
9814575	yes
0203706	yes
9011409	yes
9814573	yes
8605704	yes
101083072	yes
100956805	yes
101303270	yes
101231417	yes
101600811	yes
8510246	yes
2984690R	yes
0361512	yes
0372347	yes
9815987	yes
0324055	yes
101152152	yes
101623278	yes
7702013	yes
8406611	yes
101167762	yes
101620864	yes
9107334	yes
0404024	yes
0416661	yes
7708044	yes
0372351	yes
8906388	yes
7506858	yes
7707449	yes
9607443	yes
8913398	yes
8105511	yes
9007735	yes
0407300	yes
101585484	yes
8106337	yes
2985176R	yes
7805336	yes
7506860	yes
101536246	yes
0372355	yes
8507355	yes
0372361	yes
0372354	yes
9420840	yes
8703941	yes
101698454	yes
101508602	yes
101614024	yes
2985150R	yes
9600627	yes
101574034	yes
101235325	yes
0372367	yes
101561951	yes
0117605	yes
100911346	yes
8309206	yes
2985151R	yes
0372370	yes
7804039	yes
8209988	yes
101275111	yes
7607088	yes
15040080R	yes
0370600	yes
0372373	yes
101140127	yes
0372374	yes
8006431	yes
101625721	yes
7809992	yes
0372377	yes
9709920	yes
101265649	yes
9100823	yes
8102988	yes
101462262	yes
0315061	yes
101585411	yes
100888899	yes
9009212	yes
9815705	yes
0372625	yes
9212242	yes
101086634	yes
0372403	yes
8803400	yes
9712129	yes
8208561	yes
101537732	yes
7605801	yes
101150314	yes
100888796	yes
8406612	yes
101584082	yes
101584990	yes
8901557	yes
101264333	yes
101502957	yes
9712383	yes
9306253	yes
0372406	yes
8500246	yes
101298363	yes
101222433	yes
0372430	yes
101777538	yes
101465655	yes
9004255	yes
8000462	yes
0372434	yes
101220684	yes
9501297	yes
0357245	yes
101282564	yes
8710213	yes
0114365	yes
8501752	yes
9308247	yes
1260766	yes
0410427	yes
9011043	yes
101318988	yes
7607091	yes
9421356	yes
0330167	yes
8000036	yes
9510153	yes
1273516	yes
9504451	yes
0417615	yes
7506870	yes
9815663	yes
101142614	yes
0373100	yes
9505803	yes
101518086	yes
101154438	yes
101623795	yes
101594777	yes
8915031	yes
9433814	yes
7802778	yes
101476585	yes
9204109	yes
101241430	yes
101583622	yes
8708538	yes
101506757	yes
9503417	yes
100942132	yes
101506753	yes
8900600	yes
101507115	yes
101151468	yes
9431219	yes
8917250	yes
101088083	yes
9111075	yes
9312707	yes
100901315	yes
101495384	yes
9606930	yes
8504574	yes
9207852	yes
0370612	yes
100888004	yes
8214381	yes
101123037	yes
9305903	yes
0001027	yes
0111052	yes
9611095	yes
15420200R	yes
0370616	yes
101727782	yes
9808874	yes
0135232	yes
9613603	yes
9713494	yes
101461858	yes
101128967	yes
8900070	yes
101265188	yes
8210638	yes
101208422	yes
0360342	yes
101245751	yes
7808666	yes
9418292	yes
0251711	yes
8804264	yes
7803043	yes
8914585	yes
8302411	yes
9013016	yes
7703854	yes
101244316	yes
0372477	yes
8404861	yes
101149327	yes
101507616	yes
7909914	yes
101631218	yes
101512484	yes
8606068	yes
0126611	yes
2984726R	yes
9610305	yes
100970605	yes
7506897	yes
0370623	yes
0376536	yes
9806362	yes
9010319	yes
9100834	yes
101500303	yes
9705305	yes
8008281	yes
8510851	yes
8704792	yes
101521964	yes
8807441	yes
9200331	yes
100930043	yes
101292902	yes
101275679	yes
101544020	yes
8108529	yes
9700112	yes
7502533	yes
101258412	yes
101738236	yes
101247722	yes
101578018	yes
0375566	yes
0207224	yes
9308271	yes
9815758	yes
0414576	yes
101548963	yes
7911509	yes
7708048	yes
100892849	yes
101312535	yes
9606000	yes
101593571	yes
101135325	yes
8610241	yes
101147518	yes
8909524	yes
101285195	yes
9104021	yes
100887374	yes
101675002	yes
101600173	yes
1262533	yes
9208478	yes
0370625	yes
101518829	yes
101472371	yes
101596414	yes
1303703	yes
7911226	yes
0403171	yes
0370626	yes
0372525	yes
101507284	yes
101088505	yes
0372526	yes
9205717	yes
8102797	yes
101609191	yes
100897327	yes
9107378	yes
8306785	yes
8403708	yes
8609465	yes
7502021	yes
8510274	yes
101265833	yes
8008051	yes
8506292	yes
100883596	yes
8302042	yes
101701004	yes
100935741	yes
101722685	yes
100886721	yes
7603509	yes
101568469	yes
9102551	yes
9301454	yes
9606438	yes
8402040	yes
8708558	yes
100968535	yes
100965194	yes
101190720	yes
101088663	yes
100967800	yes
100968539	yes
101775613	yes
100968543	yes
101088676	yes
100967792	yes
100968547	yes
101775394	yes
100965258	yes
100968548	yes
101088677	yes
100966980	yes
100968551	yes
101190723	yes
101088679	yes
101088680	yes
101319628	yes
100968553	yes
101088682	yes
100968545	yes
100966981	yes
101741148	yes
100968565	yes
100967793	yes
100968555	yes
100966986	yes
100967802	yes
101088684	yes
101088685	yes
100967804	yes
101590449	yes
100967807	yes
100967799	yes
100968559	yes
101627676	yes
100968562	yes
100968563	yes
101462768	yes
100968567	yes
100968571	yes
101249759	yes
101088690	yes
101526291	yes
101719009	yes
101685275	yes
101745500	yes
101761581	yes
101552874	yes
101641391	yes
101660690	yes
101710381	yes
101638061	yes
101546984	yes
101715577	yes
101565123	yes
101222431	yes
101599229	yes
8702459	yes
101200947	yes
7513219	yes
0372541	yes
9309208	yes
0370635	yes
7503323	yes
8105533	yes
9815827	yes
0004041	yes
8308022	yes
0370636	yes
9005323	yes
0372544	yes
9605409	yes
0144554	yes
101257109	yes
0004047	yes
8800054	yes
9212059	yes
0372547	yes
0421041	yes
7502536	yes
0342367	yes
0373124	yes
0373125	yes
8105534	yes
0373126	yes
0432520	yes
0372553	yes
0376542	yes
15740290R	yes
101137600	yes
0372537	yes
101570837	yes
0151620	yes
8218014	yes
101550313	yes
101300405	yes
8710358	yes
7506220	yes
9216781	yes
101282001	yes
8903034	yes
9716507	yes
101624623	yes
101615124	yes
100888201	yes
100927353	yes
8111104	yes
8801277	yes
9505539	yes
101260777	yes
100912837	yes
101528229	yes
0072416	yes
2984715R	yes
0046021	yes
0372557	yes
0141233	yes
0401404	yes
7507052	yes
101181368	yes
0370647	yes
7905481	yes
9208482	yes
101130981	yes
0120300	yes
8708560	yes
8701709	yes
8510280	yes
9315513	yes
101623613	yes
0372707	yes
0415227	yes
0406021	yes
0045312	yes
0372712	yes
7904187	yes
0372714	yes
0372715	yes
9433332	yes
101320224	yes
0374236	yes
101137842	yes
101256509	yes
9605408	yes
9100846	yes
101130617	yes
7806519	yes
101723675	yes
101499453	yes
101561693	yes
9200608	yes
9432230	yes
101539150	yes
101188791	yes
101172931	yes
8605732	yes
101614637	yes
8307154	yes
100931981	yes
7600053	yes
101595310	yes
8605731	yes
7805358	yes
101479409	yes
9711272	yes
101747728	yes
2984705R	yes
101168776	yes
7502030	yes
101684827	yes
8307156	yes
0043535	yes
8008055	yes
101549998	yes
8300331	yes
9304686	yes
9200019	yes
1266406	yes
101554863	yes
101147637	yes
8712220	yes
101531846	yes
101266881	yes
101269160	yes
101522043	yes
8003538	yes
0077427	yes
101238551	yes
101319630	yes
101135818	yes
101159952	yes
0103374	yes
101518378	yes
100884139	yes
101269039	yes
0413066	yes
101469464	yes
9701934	yes
8305874	yes
9307129	yes
8506639	yes
101170464	yes
101137841	yes
9437445	yes
101524092	yes
101302316	yes
1246405	yes
101233170	yes
100883691	yes
9607427	yes
101648302	yes
101242872	yes
9705402	yes
8200709	yes
101552938	yes
9105195	yes
101573691	yes
101528176	yes
9425763	yes
101311472	yes
9610925	yes
100965121	yes
0417625	yes
9208854	yes
101600052	yes
101775611	yes
100883360	yes
101636244	yes
101269163	yes
8200710	yes
9110718	yes
101089443	yes
9100851	yes
101577885	yes
101321614	yes
100971574	yes
101294643	yes
101197449	yes
101262549	yes
9610838	yes
0067206	yes
101085550	yes
8807448	yes
2985134R	yes
8217190	yes
0335405	yes
100937360	yes
9513783	yes
101594811	yes
101259013	yes
0144731	yes
100954211	yes
101580948	yes
101319536	yes
0231335	yes
101142157	yes
9313451	yes
7602632	yes
0372725	yes
9602869	yes
9512515	yes
101542497	yes
1275332	yes
8503227	yes
0373152	yes
101181180	yes
101504416	yes
100886162	yes
9112559	yes
8914261	yes
101551481	yes
16140410R	yes
2985138R	yes
9313452	yes
101197408	yes
101253019	yes
8501362	yes
101771152	yes
101474365	yes
101479935	yes
101489148	yes
101714113	yes
0147763	yes
100893237	yes
9881057	yes
9102566	yes
9810959	yes
8809128	yes
9508125	yes
9106549	yes
100898731	yes
9502500	yes
7903272	yes
9421549	yes
9806306	yes
7907612	yes
9807947	yes
9604507	yes
1302422	yes
101120693	yes
9504817	yes
9207893	yes
101213033	yes
0346653	yes
101516977	yes
8906443	yes
101692332	yes
7606847	yes
9305929	yes
0057202	yes
100973405	yes
8409970	yes
9709923	yes
100896531	yes
8703442	yes
0425076	yes
0253664	yes
101260955	yes
8603766	yes
8300869	yes
9709206	yes
8911831	yes
100888977	yes
9203213	yes
101273480	yes
9208512	yes
101271570	yes
101477246	yes
9705336	yes
8507389	yes
9103300	yes
8100174	yes
8802622	yes
9710002	yes
100893225	yes
9516420	yes
8807282	yes
0364441	yes
8214420	yes
7607910	yes
8806548	yes
101526693	yes
7611109	yes
9208508	yes
8709115	yes
101654592	yes
101560587	yes
0070014	yes
9105713	yes
9707115	yes
0075674	yes
101247023	yes
0372606	yes
7501306	yes
7606849	yes
101572899	yes
0372741	yes
101137604	yes
0424767	yes
8604974	yes
9416196	yes
8111117	yes
1306016	yes
8802181	yes
101264123	yes
101538987	yes
101315570	yes
9504368	yes
8211469	yes
7905731	yes
101675083	yes
8112473	yes
101227511	yes
7706726	yes
101241654	yes
101532142	yes
101597971	yes
101247119	yes
101474067	yes
8710240	yes
101197451	yes
9711805	yes
101620603	yes
9431220	yes
101269155	yes
101473265	yes
101594668	yes
9702877	yes
101121166	yes
100909747	yes
101083946	yes
101143317	yes
8710375	yes
9713497	yes
8411889	yes
101518151	yes
101177984	yes
101697632	yes
7708195	yes
9315133	yes
100883611	yes
9810948	yes
101719179	yes
101201068	yes
0410263	yes
0005735	yes
9806096	yes
9516061	yes
100959500	yes
101270611	yes
7808924	yes
101698453	yes
101682864	yes
101574442	yes
101305205	yes
101681550	yes
101157394	yes
1250250	yes
101141667	yes
101279357	yes
8806104	yes
9802899	yes
8506513	yes
9306292	yes
0365263	yes
9882301	yes
9712714	yes
7604950	yes
101242342	yes
9211867	yes
9509333	yes
101286760	yes
101211769	yes
8216186	yes
9011445	yes
101580011	yes
8609491	yes
9505022	yes
9309668	yes
8218602	yes
101738191	yes
9801902	yes
8507720	yes
0355501	yes
8912620	yes
8704517	yes
8207799	yes
101165286	yes
9004784	yes
8903774	yes
8208627	yes
8505177	yes
8914816	yes
9007261	yes
8914818	yes
8914819	yes
8914274	yes
8914610	yes
8511159	yes
8914275	yes
9424324	yes
101312976	yes
100883416	yes
7707467	yes
7901092	yes
101473576	yes
101096440	yes
101208441	yes
100897685	yes
9107782	yes
100888969	yes
101261935	yes
101265750	yes
101093791	yes
101253260	yes
101208455	yes
101157212	yes
100960533	yes
101735701	yes
101270895	yes
100960531	yes
101629387	yes
8104312	yes
100888896	yes
101125446	yes
8004904	yes
101196487	yes
101262565	yes
101156990	yes
101235661	yes
100888982	yes
101239891	yes
101762461	yes
0351014	yes
101729993	yes
7808448	yes
101093076	yes
101467997	yes
100931790	yes
101157239	yes
101208439	yes
101587480	yes
101578283	yes
9502503	yes
100888967	yes
100936359	yes
8813436	yes
8608087	yes
9804399	yes
9504454	yes
101308636	yes
8506887	yes
9111375	yes
9430802	yes
101264945	yes
8809878	yes
9010000	yes
9303753	yes
9319162	yes
9007264	yes
9007265	yes
9011108	yes
9717388	yes
9417024	yes
9000850	yes
8809880	yes
101649136	yes
9503765	yes
9000851	yes
101297402	yes
9200621	yes
101560941	yes
101208457	yes
101176492	yes
100970666	yes
101240290	yes
100960530	yes
9602487	yes
101560815	yes
100960529	yes
100888960	yes
101468718	yes
101681234	yes
9918227368306676	yes
100888970	yes
101261938	yes
101134380	yes
101119673	yes
100900946	yes
100900943	yes
101157208	yes
101266892	yes
101528721	yes
101142708	yes
9612306	yes
101235694	yes
101235690	yes
9010345	yes
101523844	yes
100895309	yes
101176026	yes
101576205	yes
101125969	yes
101517697	yes
8506890	yes
9705200	yes
101128698	yes
0226703	yes
0217440	yes
101205669	yes
101091305	yes
7609576	yes
9708816	yes
8300886	yes
9504371	yes
9700070	yes
9203244	yes
101120028	yes
101541838	yes
9201927	yes
9613264	yes
0356504	yes
0006761	yes
101300215	yes
8702038	yes
101304394	yes
7809375	yes
0164074	yes
0260564	yes
8910645	yes
9814574	yes
101120122	yes
8701744	yes
101234011	yes
8500858	yes
0372763	yes
7805975	yes
100883450	yes
100883645	yes
100889084	yes
0006777	yes
8506895	yes
101568499	yes
101251558	yes
101654734	yes
101238198	yes
0401650	yes
8701186	yes
7902782	yes
9101419	yes
8501808	yes
0150472	yes
8211489	yes
8807037	yes
0372764	yes
8809160	yes
8604127	yes
101483332	yes
101306633	yes
9207179	yes
101255937	yes
101297401	yes
7702072	yes
9004522	yes
9423827	yes
0370667	yes
101126895	yes
7505459	yes
8505191	yes
9015440	yes
7801723	yes
9417471	yes
101540061	yes
101475745	yes
7802620	yes
8204468	yes
9421550	yes
101653409	yes
101164773	yes
0322067	yes
9815369	yes
9002928	yes
101483449	yes
0112037	yes
7600076	yes
9102074	yes
100883647	yes
0006723	yes
9511375	yes
8610856	yes
8005585	yes
7708381	yes
101320027	yes
101536416	yes
9608387	yes
101090048	yes
9315161	yes
9707113	yes
101647039	yes
8511187	yes
101222144	yes
9889808	yes
0315073	yes
101121949	yes
101166135	yes
9885956	yes
9607101	yes
101141280	yes
101133002	yes
8204476	yes
101579614	yes
8208664	yes
101487380	yes
100963049	yes
9508155	yes
101199824	yes
8219565	yes
100963089	yes
101594885	yes
9208913	yes
9431227	yes
101706399	yes
101125678	yes
101269157	yes
9009288	yes
9436481	yes
8408548	yes
8006258	yes
9434444	yes
8800104	yes
0375040	yes
0215166	yes
101647362	yes
101777541	yes
101778566	yes
7502320	yes
8903118	yes
101147645	yes
0330411	yes
7703893	yes
100883692	yes
101499207	yes
8800109	yes
8508350	yes
8804476	yes
9441769	yes
101601576	yes
0213155	yes
9884939	yes
100885357	yes
8308958	yes
8003761	yes
101484711	yes
101519472	yes
8703737	yes
101561091	yes
7910703	yes
9009644	yes
101265293	yes
101471619	yes
101519720	yes
2983306R	yes
101692036	yes
8703089	yes
100891853	yes
0173320	yes
0373220	yes
101669191	yes
101690685	yes
101206627	yes
0043306	yes
9608374	yes
9502920	yes
9002937	yes
101277157	yes
9103030	yes
8409413	yes
100973416	yes
9212296	yes
9100879	yes
9436977	yes
101533694	yes
8006263	yes
101591369	yes
101573788	yes
101669491	yes
101677796	yes
8411711	yes
100954790	yes
9301979	yes
9300837	yes
8804069	yes
101128793	yes
0245331	yes
8804297	yes
8804070	yes
1256165	yes
9712127	yes
9712132	yes
9206420	yes
7608491	yes
9442482	yes
9423848	yes
8508062	yes
9000874	yes
9513566	yes
8703985	yes
101134867	yes
9431861	yes
100887595	yes
101578294	yes
9302235	yes
1273201	yes
101124748	yes
9517857	yes
9506311	yes
8918110	yes
101140988	yes
100888704	yes
0375672	yes
9110772	yes
9504563	yes
7909010	yes
9518037	yes
9801774	yes
7603873	yes
9105263	yes
1254354	yes
101465662	yes
101564430	yes
101559025	yes
9204966	yes
101146739	yes
101313350	yes
0150760	yes
101126530	yes
9111820	yes
9114774	yes
101721752	yes
8803460	yes
9111391	yes
9301980	yes
0174752	yes
101665661	yes
101724904	yes
100887452	yes
100883649	yes
7805992	yes
8004942	yes
100883603	yes
100883413	yes
9815947	yes
9306331	yes
9513581	yes
100883432	yes
101219668	yes
0373224	yes
0375434	yes
7603335	yes
8507436	yes
100973463	yes
0043312	yes
9505926	yes
9419066	yes
9301549	yes
8004944	yes
9607880	yes
9002940	yes
101138477	yes
101125414	yes
101228421	yes
101295755	yes
101228422	yes
101163027	yes
101135662	yes
9434197	yes
100897346	yes
9516419	yes
101127833	yes
101181284	yes
101123358	yes
101182328	yes
101271248	yes
101278296	yes
101278293	yes
101278199	yes
101485942	yes
101230445	yes
101120777	yes
100939725	yes
101129944	yes
101132257	yes
101223548	yes
101278196	yes
101155475	yes
9706854	yes
8703986	yes
101160941	yes
101594320	yes
8405303	yes
101757922	yes
9414907	yes
100898211	yes
7809641	yes
101700650	yes
8500875	yes
0400666	yes
9610836	yes
9212301	yes
9440679	yes
8804484	yes
101229646	yes
0155157	yes
101580716	yes
8901229	yes
7705721	yes
8902526	yes
101085384	yes
9107463	yes
101230972	yes
100955049	yes
101553157	yes
101470897	yes
2984761R	yes
0376757	yes
9437431	yes
9422792	yes
0370723	yes
101485040	yes
101317183	yes
101483831	yes
101549033	yes
8601127	yes
9889534	yes
101120121	yes
9109564	yes
9615073	yes
9433869	yes
101473598	yes
9609647	yes
101236111	yes
101316961	yes
8709159	yes
9423872	yes
101485240	yes
101612996	yes
101485241	yes
101585359	yes
101555782	yes
8501389	yes
101560960	yes
101549428	yes
101477940	yes
101616579	yes
100939343	yes
101154361	yes
8710411	yes
101524465	yes
101239345	yes
101511162	yes
101278120	yes
101256629	yes
101566598	yes
8901623	yes
9416830	yes
101583709	yes
100886238	yes
8706257	yes
8406671	yes
8915377	yes
9202792	yes
7905527	yes
101303952	yes
9421525	yes
101551097	yes
101129617	yes
9607379	yes
9007329	yes
8711660	yes
101481027	yes
100953417	yes
100931242	yes
8411723	yes
9815831	yes
101550220	yes
9114088	yes
101494210	yes
0370740	yes
0374636	yes
8704544	yes
100960660	yes
101509707	yes
101475844	yes
9518021	yes
101197608	yes
101185472	yes
101302943	yes
101227686	yes
101135738	yes
101553404	yes
8215850	yes
8101294	yes
0375327	yes
7601655	yes
101686284	yes
101596872	yes
8806785	yes
9888746	yes
101496665	yes
101703450	yes
101497462	yes
101705789	yes
101584391	yes
101256323	yes
101245734	yes
9104124	yes
8603310	yes
101572655	yes
101676086	yes
8205248	yes
9882886	yes
9000468	yes
9814320	yes
2985108R	yes
101495343	yes
8807913	yes
101693805	yes
7900587	yes
0417435	yes
9442916	yes
101264149	yes
8510415	yes
101681801	yes
101153624	yes
101128968	yes
9312789	yes
0410447	yes
0372755	yes
101245792	yes
8902541	yes
101304010	yes
2985091R	yes
9800465	yes
8303128	yes
9432537	yes
100896672	yes
9815649	yes
7611530	yes
8411543	yes
8908762	yes
9306780	yes
101247224	yes
9704962	yes
8608459	yes
9815926	yes
9502498	yes
100970070	yes
100883604	yes
8306485	yes
2985093R	yes
8610614	yes
9008939	yes
100890609	yes
8211523	yes
101299723	yes
101153626	yes
101170481	yes
101654694	yes
8811549	yes
0053006	yes
9306359	yes
7611528	yes
101156268	yes
101697320	yes
101622189	yes
8805307	yes
101208192	yes
7900445	yes
9602087	yes
101231934	yes
9612481	yes
100963739	yes
8511258	yes
8917455	yes
9605411	yes
8307268	yes
8709473	yes
9708388	yes
100890099	yes
101093910	yes
7705865	yes
101151457	yes
101695860	yes
101304009	yes
8302946	yes
101537529	yes
0374654	yes
0373007	yes
9715168	yes
7801231	yes
9425873	yes
100901183	yes
9421087	yes
9200413	yes
101510649	yes
9108167	yes
8003052	yes
9013819	yes
9808650	yes
17340520R	yes
9506663	yes
7704136	yes
100897392	yes
101738312	yes
101675570	yes
2985099R	yes
8702105	yes
8000128	yes
101650829	yes
101140517	yes
9512509	yes
0177722	yes
101538885	yes
101525157	yes
101142469	yes
101268948	yes
0411772	yes
100900921	yes
9711270	yes
0116717	yes
9419065	yes
8912329	yes
9004560	yes
0374660	yes
100888143	yes
9008950	yes
7613873	yes
0200525	yes
9208958	yes
8300127	yes
9215429	yes
9010063	yes
9421547	yes
8702539	yes
8701199	yes
9507614	yes
101170535	yes
101572652	yes
9421297	yes
9307690	yes
7906255	yes
9881869	yes
101604520	yes
101623153	yes
101541727	yes
101493803	yes
101312520	yes
0012737	yes
101609393	yes
101491191	yes
9886191	yes
8310780	yes
101152869	yes
101616214	yes
101097023	yes
9885960	yes
9882735	yes
9891704	yes
101196755	yes
101303205	yes
101301198	yes
101738444	yes
9516416	yes
101635460	yes
9432918	yes
0420404	yes
101708159	yes
8805635	yes
8706300	yes
8504629	yes
101736847	yes
8611087	yes
7702118	yes
0374672	yes
8800150	yes
101485158	yes
101258411	yes
9815902	yes
9418515	yes
8806809	yes
0112040	yes
9202990	yes
7701852	yes
8409436	yes
8700903	yes
0374701	yes
0405376	yes
7605904	yes
0417442	yes
7902477	yes
0400673	yes
0373027	yes
2985062R	yes
9423515	yes
100890607	yes
8007859	yes
8804099	yes
101650235	yes
8804508	yes
9318481	yes
101606645	yes
101269158	yes
0246127	yes
0365307	yes
9508162	yes
9508160	yes
7600105	yes
9112626	yes
101304007	yes
101475011	yes
8910739	yes
9510056	yes
101469670	yes
101257528	yes
0366543	yes
0171671	yes
9303579	yes
101266965	yes
0370760	yes
8402693	yes
9211652	yes
7512134	yes
101759159	yes
101251562	yes
8609061	yes
0374714	yes
101472191	yes
8004996	yes
101550261	yes
101517095	yes
101244240	yes
8916182	yes
100965259	yes
8506960	yes
0370033	yes
7802649	yes
101140017	yes
9421097	yes
101217089	yes
9508482	yes
8712411	yes
101235568	yes
0374716	yes
101313850	yes
0042124	yes
101273481	yes
9713056	yes
0376166	yes
9616295	yes
101554912	yes
9423309	yes
9712381	yes
8607899	yes
101499225	yes
8007161	yes
101168070	yes
0243704	yes
8917470	yes
8111226	yes
9106628	yes
101238455	yes
7802871	yes
101147692	yes
9014042	yes
9432922	yes
8710629	yes
0210174	yes
9111626	yes
8214845	yes
8916799	yes
101674352	yes
101152198	yes
8605825	yes
101619905	yes
1305035	yes
9111627	yes
8508395	yes
101232337	yes
8911335	yes
101676532	yes
9007383	yes
101247254	yes
101300213	yes
9803709	yes
9101456	yes
101128359	yes
100886202	yes
101250764	yes
101213954	yes
101140527	yes
9111433	yes
9810955	yes
101092791	yes
101615660	yes
101263847	yes
9100527	yes
9815893	yes
101530293	yes
101214977	yes
101582422	yes
9613615	yes
101256108	yes
9437093	yes
9507598	yes
0333601	yes
101267281	yes
9306042	yes
8605826	yes
101504351	yes
9107511	yes
9506762	yes
101576715	yes
8003603	yes
9204243	yes
101136878	yes
9709509	yes
0365646	yes
2985179R	yes
0107305	yes
101304551	yes
9434628	yes
101256506	yes
8809243	yes
7805421	yes
101474930	yes
9100907	yes
0374726	yes
101320232	yes
100939812	yes
8008349	yes
101276430	yes
9007917	yes
101274068	yes
101228232	yes
101566285	yes
9314927	yes
100899600	yes
8508113	yes
9708436	yes
9706389	yes
9440237	yes
1273304	yes
9816585	yes
7808754	yes
7904294	yes
0374731	yes
7705431	yes
9007918	yes
8010942	yes
8712260	yes
8918131	yes
101567041	yes
0262521	yes
101230907	yes
101478378	yes
101128834	yes
101152341	yes
101234521	yes
101319534	yes
101492420	yes
101299965	yes
7704851	yes
101158399	yes
101515919	yes
101263418	yes
101092952	yes
0264620	yes
101615153	yes
0364265	yes
8309330	yes
7703701	yes
0045377	yes
7806864	yes
8900208	yes
101146178	yes
101495366	yes
101301086	yes
9602611	yes
101584158	yes
7907126	yes
101510759	yes
100888706	yes
101573920	yes
100892005	yes
101490763	yes
9107051	yes
101306759	yes
9616159	yes
100888552	yes
101543508	yes
7609811	yes
101546952	yes
101475057	yes
8912686	yes
9415639	yes
8914669	yes
8916517	yes
0374755	yes
9613956	yes
9421530	yes
9503111	yes
0361603	yes
9814863	yes
8704565	yes
9417468	yes
101724868	yes
7503056	yes
8301365	yes
8214119	yes
8215879	yes
101190326	yes
7503062	yes
101580524	yes
9430800	yes
9507418	yes
7505579	yes
9010412	yes
9013836	yes
7503067	yes
7802876	yes
0376573	yes
7705085	yes
0137162	yes
8905667	yes
100955807	yes
0376574	yes
101126979	yes
8003002	yes
0151115	yes
7513617	yes
9215446	yes
9804404	yes
0174763	yes
101586617	yes
9315240	yes
101089176	yes
9514582	yes
8606502	yes
101693884	yes
9706280	yes
101189774	yes
8502536	yes
0222526	yes
9613616	yes
8109495	yes
9815648	yes
100888334	yes
9206495	yes
100892857	yes
8106454	yes
9301647	yes
9615686	yes
7904301	yes
9201340	yes
2985120R	yes
9101750	yes
8503885	yes
101602037	yes
9803531	yes
7807105	yes
0245075	yes
101730067	yes
0376600	yes
9717231	yes
7701859	yes
101250741	yes
101187344	yes
2985121R	yes
101299725	yes
9616326	yes
0417731	yes
8700115	yes
8813912	yes
9007393	yes
7909584	yes
101234237	yes
101234238	yes
101230869	yes
9605853	yes
9421567	yes
101531992	yes
9110829	yes
8404176	yes
9200436	yes
101318567	yes
8100809	yes
0177346	yes
0014030	yes
9436705	yes
8610640	yes
101463871	yes
101496866	yes
101262774	yes
101552883	yes
8610343	yes
101639933	yes
7902060	yes
101249598	yes
101307557	yes
8908809	yes
101291247	yes
101265113	yes
9110208	yes
9010756	yes
9815616	yes
101259752	yes
8703516	yes
7902492	yes
9602617	yes
0066127	yes
101468585	yes
8604171	yes
8205768	yes
0375356	yes
101083777	yes
0050222	yes
0052457	yes
8112566	yes
7505563	yes
101230060	yes
8902615	yes
0375360	yes
101232704	yes
8907348	yes
101242019	yes
9431738	yes
9105358	yes
9806360	yes
0425743	yes
8606714	yes
0375361	yes
9301157	yes
8411743	yes
9318488	yes
0173225	yes
8216305	yes
101133858	yes
9808212	yes
0375362	yes
8502170	yes
7910017	yes
100888554	yes
8102137	yes
7802877	yes
8801384	yes
7505564	yes
9806357	yes
100887391	yes
8506708	yes
9207302	yes
8309333	yes
0376601	yes
0425123	yes
8704308	yes
0366372	yes
7801243	yes
0217132	yes
9435680	yes
8109496	yes
9518034	yes
101231977	yes
0401663	yes
8910747	yes
8806397	yes
0043125	yes
0260316	yes
7600747	yes
8411341	yes
0367033	yes
101577308	yes
0406041	yes
0102444	yes
101141792	yes
8413200	yes
8309850	yes
101313855	yes
8710425	yes
7703942	yes
9433358	yes
9878362	yes
9439510	yes
0136553	yes
8805644	yes
8805847	yes
0262321	yes
8607908	yes
9503759	yes
101130964	yes
101136419	yes
2985124R	yes
9010410	yes
8700909	yes
0425124	yes
2985125R	yes
2985126R	yes
9889915	yes
101180951	yes
8000150	yes
0354343	yes
7600545	yes
8918133	yes
8006933	yes
101517692	yes
101504326	yes
9204583	yes
101520702	yes
101605237	yes
101306166	yes
101249830	yes
101302699	yes
9100529	yes
101685366	yes
1300031	yes
9312476	yes
101197457	yes
101263153	yes
2985127R	yes
9808943	yes
101490061	yes
9424566	yes
8914370	yes
8412174	yes
101273949	yes
0375363	yes
7806594	yes
7511484	yes
100896915	yes
8501420	yes
101516361	yes
0330666	yes
100967627	yes
9812551	yes
7607167	yes
101150203	yes
9607688	yes
7909766	yes
8216840	yes
101096515	yes
101083217	yes
101245794	yes
9306405	yes
9216037	yes
9609066	yes
101719675	yes
101497477	yes
101766756	yes
8809954	yes
0203727	yes
0243705	yes
9882906	yes
2985128R	yes
8308647	yes
2985109R	yes
101632727	yes
9507618	yes
7502587	yes
7502589	yes
8207540	yes
9604933	yes
101168228	yes
101262796	yes
101610479	yes
9503761	yes
8802265	yes
100897329	yes
0214055	yes
9881188	yes
9201341	yes
0014052	yes
101471610	yes
9308427	yes
101234500	yes
0375370	yes
9214933	yes
101604797	yes
9425991	yes
9430794	yes
8607909	yes
101479627	yes
9706084	yes
8605834	yes
2985110R	yes
2985111R	yes
0077340	yes
9815764	yes
2985113R	yes
9206865	yes
101304616	yes
2985112R	yes
101142169	yes
8805645	yes
9502837	yes
9508483	yes
7510258	yes
7903311	yes
9300903	yes
101578780	yes
101701588	yes
101315820	yes
9422688	yes
8702552	yes
100940562	yes
8800764	yes
9103800	yes
9604100	yes
8410622	yes
7609331	yes
100959228	yes
9703616	yes
9604936	yes
0103130	yes
101528166	yes
9803529	yes
9202994	yes
101735273	yes
9305245	yes
2985115R	yes
101468937	yes
101528587	yes
0375373	yes
18020010R	yes
0202503	yes
00140360R	yes
0413415	yes
9441330	yes
9815334	yes
8003807	yes
8506709	yes
7502386	yes
101271025	yes
100887419	yes
0337330	yes
9808008	yes
8811625	yes
8709498	yes
8904840	yes
101589965	yes
8306882	yes
101256527	yes
100963688	yes
2985117R	yes
101627166	yes
9706083	yes
101620585	yes
101201960	yes
9705544	yes
101255941	yes
8710631	yes
7908424	yes
9608375	yes
0413675	yes
101124170	yes
101469471	yes
7905788	yes
101096396	yes
101478566	yes
101603896	yes
0346411	yes
9503760	yes
101234168	yes
101503361	yes
101603118	yes
101156357	yes
101250502	yes
9610837	yes
101229024	yes
9206090	yes
8610344	yes
9507088	yes
8904841	yes
8700910	yes
9205811	yes
9708966	yes
8907826	yes
0426720	yes
8809255	yes
9609059	yes
9501229	yes
101624758	yes
101680867	yes
101137599	yes
8703518	yes
7610510	yes
9706293	yes
8706896	yes
9431853	yes
9315583	yes
0157312	yes
8000151	yes
9891002	yes
8405628	yes
0376606	yes
9001952	yes
9110830	yes
9704963	yes
9105850	yes
9601804	yes
9433812	yes
7904614	yes
9504818	yes
101598493	yes
9013087	yes
101136916	yes
7502105	yes
9308895	yes
101293382	yes
9716531	yes
9892255	yes
7702125	yes
0375400	yes
7513619	yes
9812512	yes
2985087R	yes
8917478	yes
101469340	yes
100959882	yes
101132728	yes
0224131	yes
7610512	yes
0320626	yes
101620352	yes
9433359	yes
7806056	yes
101284598	yes
101128385	yes
101709200	yes
7705876	yes
0211301	yes
9212352	yes
9815374	yes
9703165	yes
8306883	yes
8500513	yes
0204522	yes
100909407	yes
101235322	yes
101503669	yes
0262322	yes
8902617	yes
0360051	yes
101193653	yes
9504370	yes
9806569	yes
9002991	yes
9004580	yes
0406125	yes
0236512	yes
8006298	yes
0014162	yes
101088195	yes
101518405	yes
7906882	yes
7503089	yes
9011255	yes
7503090	yes
101468335	yes
9012268	yes
0375402	yes
101217933	yes
9702341	yes
2985190R	yes
101483832	yes
8913461	yes
101232233	yes
8406473	yes
9102705	yes
101256586	yes
101222974	yes
101517079	yes
0423161	yes
2985191R	yes
101193365	yes
101580767	yes
101649948	yes
8309335	yes
9431308	yes
2985192R	yes
0375404	yes
8911344	yes
101468753	yes
7705086	yes
8102140	yes
8603596	yes
7600111	yes
8910749	yes
0432557	yes
8811626	yes
9508123	yes
9423534	yes
0430303	yes
1263116	yes
9200672	yes
7705432	yes
9306050	yes
9318902	yes
100911591	yes
101603887	yes
0404243	yes
9010081	yes
101558292	yes
100893366	yes
101590587	yes
101526295	yes
8309140	yes
9612761	yes
8503123	yes
101189458	yes
9504688	yes
9616320	yes
9612485	yes
9202814	yes
9511091	yes
9511372	yes
9800943	yes
101482903	yes
101624698	yes
7801086	yes
8911934	yes
0433604	yes
2985193R	yes
9713484	yes
100957268	yes
8404726	yes
9604934	yes
7908150	yes
9440382	yes
8807705	yes
101090931	yes
101776472	yes
9005421	yes
101125608	yes
8610345	yes
9808462	yes
7803124	yes
101567362	yes
101144384	yes
0204634	yes
101658534	yes
101233393	yes
9508900	yes
8211545	yes
9505928	yes
7901143	yes
8109053	yes
9300904	yes
7801773	yes
101490944	yes
101586049	yes
9506309	yes
0361031	yes
8801387	yes
8501884	yes
0055107	yes
101271023	yes
9704532	yes
2985194R	yes
1260201	yes
0014171	yes
8309336	yes
9807281	yes
0376363	yes
8900945	yes
2985195R	yes
101096520	yes
0376362	yes
9206091	yes
8804966	yes
9882935	yes
101189457	yes
9890903	yes
101157530	yes
101526034	yes
101165248	yes
101298201	yes
0266262	yes
9812509	yes
101262417	yes
101528691	yes
8504412	yes
9887853	yes
101534130	yes
2985196R	yes
101553823	yes
101638820	yes
9702085	yes
101518419	yes
101524060	yes
8213457	yes
9301275	yes
101128775	yes
9439514	yes
9107859	yes
0376332	yes
0333506	yes
8907828	yes
8200911	yes
8309337	yes
8308648	yes
101188638	yes
0014207	yes
9505213	yes
8006508	yes
101144324	yes
101217269	yes
7802879	yes
101628476	yes
0376611	yes
8809257	yes
9509432	yes
8502670	yes
9505927	yes
101088169	yes
2985199R	yes
101392167	yes
100971636	yes
8001906	yes
8501885	yes
9109126	yes
7501984	yes
101300401	yes
8508122	yes
0376370	yes
9206498	yes
0376334	yes
101088554	yes
7502387	yes
101230693	yes
0062647	yes
9206499	yes
9214441	yes
0165053	yes
0376372	yes
101235219	yes
101142025	yes
9705610	yes
9504452	yes
8809258	yes
101606001	yes
9206500	yes
0376337	yes
8405364	yes
101701089	yes
9415084	yes
8500909	yes
0222643	yes
9888878	yes
9506702	yes
0252052	yes
7600115	yes
0376343	yes
8606160	yes
101274235	yes
101170508	yes
9502018	yes
101308490	yes
9306822	yes
9802627	yes
8211546	yes
9001407	yes
101190741	yes
101570622	yes
100898209	yes
9512997	yes
8809259	yes
9434456	yes
8010948	yes
101315005	yes
8211547	yes
9809909	yes
100940729	yes
9206092	yes
101212761	yes
9512496	yes
9104163	yes
9426426	yes
9011490	yes
101152804	yes
8708660	yes
7610519	yes
7910920	yes
9435672	yes
0113724	yes
101147197	yes
101254059	yes
101313252	yes
101532664	yes
101185420	yes
0244160	yes
8916635	yes
101159262	yes
101592569	yes
9417080	yes
9435679	yes
9000080	yes
0333507	yes
101236535	yes
9513102	yes
101467978	yes
101467004	yes
101656995	yes
101598241	yes
7501160	yes
101676033	yes
101589530	yes
101589534	yes
101729235	yes
101589536	yes
101652861	yes
101589539	yes
101589542	yes
101589544	yes
101589550	yes
101589553	yes
101764819	yes
101596828	yes
101674872	yes
101676073	yes
101708809	yes
101758685	yes
101684997	yes
101624439	yes
101669345	yes
7804134	yes
0313225	yes
101227890	yes
0044652	yes
101490689	yes
9109135	yes
9610505	yes
0323470	yes
0014133	yes
9314730	yes
0112725	yes
0417737	yes
101128948	yes
0376617	yes
0250641	yes
2985213R	yes
101618821	yes
101751302	yes
101690683	yes
101613665	yes
101643584	yes
101645355	yes
101130150	yes
101139309	yes
100957246	yes
101704339	yes
101638123	yes
101699003	yes
2985214R	yes
0323431	yes
9808285	yes
9882736	yes
8607378	yes
8611515	yes
8007168	yes
9609064	yes
7801255	yes
101155056	yes
9435678	yes
8510094	yes
9007422	yes
7706787	yes
8704895	yes
101616707	yes
101299403	yes
101716139	yes
9516348	yes
0060450	yes
101147696	yes
8309346	yes
101160857	yes
100909185	yes
9617311	yes
101506777	yes
100889025	yes
7701875	yes
9204265	yes
101633705	yes
101163587	yes
101479829	yes
101135941	yes
9888239	yes
9310752	yes
9882600	yes
9422762	yes
8505245	yes
8900948	yes
18420110R	yes
101139802	yes
9100916	yes
100892712	yes
101213729	yes
9882895	yes
101475200	yes
0260231	yes
8219702	yes
101623537	yes
101484109	yes
9715672	yes
101201025	yes
0103146	yes
101197794	yes
101182345	yes
101519231	yes
7605941	yes
7707343	yes
8405037	yes
7704869	yes
0230027	yes
9506850	yes
101240303	yes
0376377	yes
2985236R	yes
9612305	yes
8109073	yes
8908862	yes
7605655	yes
9806550	yes
101564536	yes
9815900	yes
0401052	yes
100959585	yes
101717568	yes
101575086	yes
9308945	yes
0412004	yes
0314524	yes
101239023	yes
9815835	yes
9435512	yes
0425746	yes
0376642	yes
8901334	yes
8219208	yes
8103150	yes
101629322	yes
8710980	yes
0400721	yes
8005433	yes
7909593	yes
8708682	yes
9209001	yes
9425208	yes
2985248R	yes
9109623	yes
0357443	yes
9306862	yes
9433353	yes
8610370	yes
9815657	yes
101150318	yes
101274889	yes
101478346	yes
101508600	yes
101608648	yes
101316335	yes
101139812	yes
9508567	yes
7500663	yes
101671820	yes
8606191	yes
101758692	yes
7703966	yes
9706653	yes
101634614	yes
9430468	yes
101588314	yes
101615147	yes
9434935	yes
101631045	yes
9712707	yes
9203012	yes
101595834	yes
8309230	yes
0165035	yes
101521797	yes
8510930	yes
7808782	yes
2984771R	yes
101643181	yes
8607003	yes
0375272	yes
0400732	yes
101094212	yes
9612996	yes
101679980	yes
8806605	yes
100959226	yes
101761026	yes
7603128	yes
101534222	yes
0105454	yes
9201390	yes
8501455	yes
0403234	yes
9423533	yes
101468876	yes
101147698	yes
101150042	yes
101132535	yes
8811105	yes
9802571	yes
0364456	yes
8109087	yes
9100095	yes
8709751	yes
101125647	yes
9610936	yes
101264260	yes
9516534	yes
9214478	yes
101465604	yes
101603758	yes
101093320	yes
9513710	yes
101120118	yes
101125610	yes
101529315	yes
9501023	yes
101475259	yes
101605730	yes
8712028	yes
8900963	yes
101266600	yes
101231818	yes
101713384	yes
101524770	yes
101242662	yes
101197791	yes
0035623	yes
9304400	yes
101465514	yes
9107902	yes
100954969	yes
9607835	yes
8903333	yes
101235389	yes
100890581	yes
100964009	yes
100973394	yes
101590955	yes
7508397	yes
9814314	yes
9706297	yes
8610688	yes
101674533	yes
101299742	yes
9509185	yes
101580247	yes
101604290	yes
0046052	yes
7803146	yes
101692753	yes
101498346	yes
101181344	yes
8707812	yes
101632211	yes
0400764	yes
7505689	yes
100955036	yes
8805008	yes
8807334	yes
0255562	yes
0401067	yes
0021406	yes
101088070	yes
101676795	yes
101233142	yes
101278111	yes
101525249	yes
101712576	yes
101241272	yes
101698994	yes
101233132	yes
101603418	yes
101528330	yes
101696896	yes
9604648	yes
100890575	yes
101499734	yes
101231976	yes
101528555	yes
101698577	yes
9216904	yes
101697750	yes
100941354	yes
101155473	yes
9502015	yes
101736592	yes
101215604	yes
101674869	yes
101283273	yes
9809671	yes
101651677	yes
8502408	yes
101167924	yes
101284307	yes
101124168	yes
101500075	yes
101500077	yes
101672103	yes
101124171	yes
101500078	yes
101500079	yes
100962779	yes
101124169	yes
101190261	yes
100962782	yes
101500081	yes
101500072	yes
100962781	yes
101500080	yes
101500082	yes
101186374	yes
0410462	yes
0400767	yes
0326264	yes
8503921	yes
101286577	yes
100886622	yes
101189728	yes
8706402	yes
9615568	yes
0331777	yes
0400773	yes
9431867	yes
9426182	yes
101286574	yes
100883417	yes
100887420	yes
9508166	yes
9511374	yes
8006959	yes
7613461	yes
101156086	yes
101189034	yes
101517977	yes
101573167	yes
0035665	yes
8218700	yes
9432572	yes
9709714	yes
9215515	yes
101597070	yes
9211377	yes
9422763	yes
101142069	yes
8219232	yes
0042005	yes
101636388	yes
7905298	yes
100959175	yes
101778590	yes
0401060	yes
9804159	yes
101135365	yes
9111470	yes
8809320	yes
7609829	yes
9606526	yes
8101187	yes
8103156	yes
9440588	yes
7512895	yes
9614434	yes
9112672	yes
9009029	yes
8904467	yes
101719700	yes
8904907	yes
101295103	yes
1302751	yes
100892086	yes
9113791	yes
9100935	yes
101256850	yes
9504819	yes
9008004	yes
7908181	yes
7802914	yes
101290381	yes
100929017	yes
8303326	yes
101627814	yes
100886823	yes
101669124	yes
9882884	yes
9100937	yes
9815751	yes
101150032	yes
9613595	yes
8915233	yes
9815620	yes
9704130	yes
100927567	yes
101666944	yes
101631999	yes
101677786	yes
0347631	yes
8201017	yes
101562758	yes
0411011	yes
100892832	yes
101518322	yes
7703976	yes
0042033	yes
9808649	yes
101140025	yes
9433357	yes
0401006	yes
100891857	yes
9303945	yes
9505881	yes
101470760	yes
9433248	yes
101084156	yes
101675107	yes
100897394	yes
0376404	yes
8805022	yes
9012906	yes
101304602	yes
7701902	yes
9435953	yes
7600137	yes
7905040	yes
8606733	yes
101566341	yes
101143078	yes
8306569	yes
9100365	yes
101152213	yes
100892202	yes
9113797	yes
0376405	yes
101521595	yes
101469429	yes
101303911	yes
100897395	yes
9106714	yes
101264860	yes
8709551	yes
0401007	yes
9422759	yes
9205857	yes
8309883	yes
9433361	yes
9312169	yes
101156063	yes
101134822	yes
0150372	yes
1272106	yes
101131135	yes
8711562	yes
101570526	yes
7809033	yes
9422756	yes
9208097	yes
101627692	yes
9607837	yes
0135054	yes
0401107	yes
101580419	yes
101631219	yes
101635417	yes
9604937	yes
9435674	yes
9436057	yes
8208839	yes
8508431	yes
0267442	yes
101599215	yes
101730510	yes
101695048	yes
9206148	yes
0054655	yes
7802443	yes
101137103	yes
7708433	yes
8904931	yes
9508565	yes
101167768	yes
101319632	yes
9001454	yes
8806621	yes
8301221	yes
101154995	yes
100890393	yes
101253266	yes
8610391	yes
0334721	yes
101266602	yes
101144387	yes
0200547	yes
0254463	yes
8409486	yes
101501666	yes
101494830	yes
0331266	yes
7806107	yes
0376412	yes
9100105	yes
101144015	yes
100961504	yes
0144042	yes
8508176	yes
101479826	yes
8303541	yes
7803944	yes
9206575	yes
100883685	yes
101582666	yes
8709766	yes
100898941	yes
7508686	yes
101555934	yes
100894201	yes
101130835	yes
9612504	yes
101247723	yes
8704926	yes
101232529	yes
8608542	yes
100966936	yes
0421110	yes
101462774	yes
9437094	yes
7910948	yes
8703571	yes
0401121	yes
101236354	yes
9007504	yes
101595366	yes
101583421	yes
9431380	yes
9706087	yes
8006541	yes
0175411	yes
101309314	yes
9106718	yes
101549629	yes
0356657	yes
101186624	yes
8003849	yes
0401126	yes
100954653	yes
7909102	yes
8406799	yes
9809673	yes
100939345	yes
8507560	yes
8909729	yes
8700164	yes
8701858	yes
100886002	yes
8100625	yes
101484755	yes
8708728	yes
8508183	yes
9114967	yes
101572033	yes
8912748	yes
8510590	yes
0365332	yes
0100714	yes
8103046	yes
101248897	yes
8609169	yes
9802574	yes
0376422	yes
101238549	yes
0401131	yes
0372307	yes
8700166	yes
9313276	yes
7809042	yes
9703164	yes
101517071	yes
101473502	yes
0401132	yes
101590643	yes
0401133	yes
101274347	yes
101499631	yes
100898744	yes
1301573	yes
101260152	yes
8907069	yes
0154720	yes
9812552	yes
9610932	yes
101623431	yes
101582615	yes
8406521	yes
101201192	yes
101471195	yes
9212404	yes
9208369	yes
101231005	yes
100897350	yes
101083949	yes
0367050	yes
101234999	yes
8907422	yes
101626369	yes
0421737	yes
0152016	yes
8402938	yes
8111305	yes
101258058	yes
101133385	yes
7503623	yes
9012921	yes
0376424	yes
101734781	yes
0376425	yes
101124451	yes
9013641	yes
100954728	yes
101197454	yes
100888160	yes
101760671	yes
101229718	yes
0401220	yes
9102787	yes
8109120	yes
101676019	yes
0401141	yes
0427461	yes
0022623	yes
100883369	yes
9815683	yes
101696724	yes
9306921	yes
1256322	yes
101607800	yes
0231714	yes
101208185	yes
9612022	yes
9015520	yes
9200492	yes
9427222	yes
8904486	yes
101318927	yes
9814578	yes
101148926	yes
101201889	yes
9208688	yes
9309004	yes
9430925	yes
9880970	yes
8803554	yes
101273919	yes
9207397	yes
9106343	yes
0401224	yes
101602701	yes
101291431	yes
1250576	yes
0066751	yes
7802221	yes
1306050	yes
8403490	yes
9208117	yes
101183755	yes
101238922	yes
101239074	yes
101231360	yes
101291488	yes
101285081	yes
101238921	yes
101491319	yes
9437432	yes
100901316	yes
7509477	yes
8800535	yes
101481266	yes
101178411	yes
0376427	yes
101626590	yes
0401147	yes
0234135	yes
0401150	yes
101130961	yes
101227436	yes
101468093	yes
101552483	yes
8918173	yes
9703530	yes
8106540	yes
9607037	yes
100894724	yes
0430463	yes
101547532	yes
100897390	yes
0401152	yes
101472305	yes
101484100	yes
101245157	yes
8908934	yes
7505876	yes
7505881	yes
101291585	yes
0401233	yes
0376442	yes
101273946	yes
7900832	yes
9886009	yes
9431859	yes
100909380	yes
9307844	yes
9808648	yes
8101368	yes
9815755	yes
7707720	yes
101532368	yes
101186484	yes
101212092	yes
9441434	yes
9211750	yes
8700181	yes
101092707	yes
101298608	yes
9806853	yes
101189384	yes
101598595	yes
7708110	yes
9106748	yes
0103314	yes
0376465	yes
9601800	yes
9502838	yes
0376470	yes
9513551	yes
0226661	yes
101230058	yes
8802734	yes
8904079	yes
8915253	yes
0376473	yes
8807983	yes
9604099	yes
1254142	yes
9606928	yes
101135751	yes
0376475	yes
0435062	yes
0376476	yes
9007542	yes
101214316	yes
101495376	yes
0376503	yes
9502924	yes
9214524	yes
8401537	yes
7608025	yes
0376505	yes
0024046	yes
9110958	yes
2984829R	yes
101474167	yes
8501498	yes
9808463	yes
9716844	yes
9306503	yes
101558762	yes
9715279	yes
101723786	yes
101250499	yes
101259775	yes
101213861	yes
0144032	yes
9438285	yes
9202144	yes
9210257	yes
9306156	yes
0415677	yes
101265111	yes
8109958	yes
8302501	yes
9604102	yes
0123703	yes
0177625	yes
101467995	yes
0401257	yes
101770876	yes
0401260	yes
8802365	yes
9918266300206676	yes
101776133	yes
101776469	yes
101266081	yes
101309942	yes
101291922	yes
101605639	yes
9511366	yes
9804508	yes
101278116	yes
8104825	yes
0365337	yes
7802471	yes
101213381	yes
8701128	yes
19620690R	yes
101153627	yes
9015668	yes
8907465	yes
101224380	yes
101291249	yes
100966036	yes
7908221	yes
101773609	yes
8709782	yes
101392499	yes
7806136	yes
8006373	yes
101231974	yes
101167637	yes
101543738	yes
101146940	yes
101140022	yes
101090633	yes
0137356	yes
9616368	yes
9005499	yes
0332173	yes
101298744	yes
8309919	yes
101216893	yes
101717526	yes
100960007	yes
101632437	yes
101778593	yes
100940588	yes
0425754	yes
101778594	yes
101587954	yes
101770941	yes
100885154	yes
8303003	yes
1267175	yes
9112448	yes
2984779R	yes
8711016	yes
101770878	yes
101270873	yes
100936348	yes
0405571	yes
8711586	yes
8708093	yes
8206885	yes
100883501	yes
8109978	yes
101662038	yes
9509184	yes
101235328	yes
101174860	yes
9701104	yes
7805099	yes
0404520	yes
101226212	yes
101276038	yes
9440156	yes
9516979	yes
9436968	yes
9708377	yes
8804206	yes
0404375	yes
0060105	yes
0323767	yes
9111504	yes
9502210	yes
8510679	yes
0404510	yes
100883503	yes
0321213	yes
101144297	yes
101477511	yes
101587186	yes
7511540	yes
7903371	yes
101743576	yes
0236760	yes
8906258	yes
101653440	yes
101529880	yes
8904113	yes
101640192	yes
101775189	yes
9516228	yes
101688624	yes
0411361	yes
101563288	yes
101733136	yes
101465400	yes
0330500	yes
101505086	yes
0404511	yes
101131163	yes
2983335R	yes
1306053	yes
9010218	yes
9807630	yes
9607332	yes
8502262	yes
8911629	yes
101240003	yes
0404514	yes
9009458	yes
101308769	yes
8110297	yes
9717520	yes
8110298	yes
8111343	yes
1264464	yes
0420432	yes
8504688	yes
8610759	yes
9441351	yes
9216162	yes
7801132	yes
9202882	yes
100909394	yes
9431858	yes
0053252	yes
8405117	yes
9815944	yes
0431155	yes
8504689	yes
8809602	yes
101204366	yes
9506704	yes
101316472	yes
101242667	yes
101614773	yes
101743493	yes
7705941	yes
9805554	yes
9421564	yes
101676423	yes
101264408	yes
101561193	yes
7701953	yes
101188418	yes
9504453	yes
7809084	yes
9804161	yes
101271531	yes
9804678	yes
101235338	yes
101530974	yes
101288795	yes
101279009	yes
8804358	yes
7506743	yes
2984852R	yes
7603729	yes
101308228	yes
8205036	yes
101295070	yes
101623819	yes
9616322	yes
9604503	yes
8203334	yes
9306181	yes
8904127	yes
101095192	yes
101516571	yes
8103755	yes
9602533	yes
9609749	yes
101680856	yes
7610646	yes
101603979	yes
101130732	yes
101151352	yes
101518422	yes
8412297	yes
9315689	yes
101176023	yes
8215016	yes
9212457	yes
101611300	yes
101316957	yes
101527581	yes
101752767	yes
9304532	yes
101197107	yes
101578022	yes
8902881	yes
0404536	yes
9310896	yes
8603469	yes
9617529	yes
101089166	yes
0235266	yes
101689996	yes
101087697	yes
7810364	yes
1250602	yes
8808537	yes
101258060	yes
9602153	yes
9302957	yes
0074243	yes
8806653	yes
9815642	yes
101233809	yes
100888751	yes
9211789	yes
101491209	yes
8608029	yes
9204360	yes
101168329	yes
0417347	yes
0404551	yes
100970884	yes
8806914	yes
9302532	yes
101464963	yes
8111384	yes
101580575	yes
2984816R	yes
101270595	yes
8910884	yes
9613614	yes
9704676	yes
9806675	yes
101140941	yes
21120500R	yes
9314590	yes
100959949	yes
0145600	yes
0256422	yes
9708216	yes
101316343	yes
101316317	yes
101181252	yes
101538870	yes
7909660	yes
101543518	yes
101597411	yes
0407224	yes
101552395	yes
0420544	yes
0421510	yes
101531441	yes
7903387	yes
101198195	yes
0417353	yes
0413423	yes
101601065	yes
0214745	yes
101466659	yes
101466660	yes
101466663	yes
101699923	yes
9209612	yes
101671170	yes
101506764	yes
101465592	yes
8913523	yes
9515174	yes
9439750	yes
8602702	yes
101134521	yes
7905907	yes
9805461	yes
101530765	yes
100939340	yes
101144385	yes
7506129	yes
101319538	yes
101530967	yes
9708119	yes
101095653	yes
9301182	yes
8709027	yes
0417360	yes
9209120	yes
101554668	yes
101591861	yes
101562664	yes
101517297	yes
101595919	yes
9309923	yes
100883688	yes
8908516	yes
101774629	yes
0243532	yes
0132144	yes
100890578	yes
101230758	yes
100955338	yes
101569493	yes
8310903	yes
9108337	yes
9200566	yes
9708669	yes
8805125	yes
9001516	yes
8507085	yes
101635698	yes
100966032	yes
9310916	yes
100966035	yes
7808616	yes
101613233	yes
100966034	yes
7906158	yes
9890299	yes
101263253	yes
1277355	yes
1301706	yes
9610576	yes
0111356	yes
8409922	yes
9440471	yes
101244624	yes
0417367	yes
7513702	yes
8303585	yes
7909167	yes
0050452	yes
9108340	yes
8809459	yes
8002867	yes
8502736	yes
101606807	yes
101539818	yes
0423221	yes
0417373	yes
101602699	yes
1304110	yes
0417372	yes
100883818	yes
101592642	yes
101136421	yes
101273479	yes
9610930	yes
101130615	yes
101196722	yes
100965525	yes
100956422	yes
8511904	yes
9815628	yes
8511905	yes
7809942	yes
9880575	yes
101185242	yes
9426187	yes
101678837	yes
7705469	yes
100887377	yes
101680410	yes
0312020	yes
7909485	yes
9209635	yes
0031164	yes
9309551	yes
8100520	yes
8113214	yes
9506308	yes
8916436	yes
8801552	yes
9423843	yes
101231645	yes
101514185	yes
9802575	yes
101531386	yes
8803967	yes
8410979	yes
101509722	yes
8809466	yes
0413606	yes
9881064	yes
9886167	yes
101476450	yes
7905435	yes
101558993	yes
21620870R	yes
8708475	yes
101524169	yes
101576624	yes
101508311	yes
101536955	yes
7608076	yes
101271249	yes
9204382	yes
101575677	yes
101120023	yes
101266603	yes
100883448	yes
9012472	yes
101278599	yes
101518415	yes
7704052	yes
101170544	yes
8307716	yes
101185267	yes
9310939	yes
1306665	yes
9438793	yes
8607637	yes
9506215	yes
9801717	yes
8912155	yes
0414162	yes
101225070	yes
101126433	yes
8807837	yes
101300786	yes
101179386	yes
9309124	yes
101499145	yes
9440159	yes
1254476	yes
0370570	yes
0370320	yes
0370366	yes
0370374	yes
7603486	yes
8409340	yes
101572336	yes
101209214	yes
8706645	yes
0121103	yes
101276222	yes
0370436	yes
0045335	yes
9312325	yes
0421406	yes
8502311	yes
8704771	yes
0370465	yes
0207277	yes
0100626	yes
8004854	yes
8110075	yes
0267200	yes
0370476	yes
0370500	yes
8610224	yes
8000029	yes
8704773	yes
0370473	yes
101587185	yes
9505216	yes
0370535	yes
0370534	yes
7807205	yes
9503580	yes
100963897	yes
0142167	yes
8305839	yes
9800503	yes
8002646	yes
0116744	yes
9100013	yes
7502520	yes
9203131	yes
101502773	yes
15030100R	yes
100883581	yes
101469708	yes
8109699	yes
8006808	yes
0261412	yes
0247660	yes
8214379	yes
9312706	yes
0116711	yes
2985158R	yes
8708534	yes
0400645	yes
100972232	yes
8506498	yes
101517820	yes
101321326	yes
0242543	yes
7708170	yes
100909359	yes
8004872	yes
1251640	yes
101121446	yes
101120682	yes
101120605	yes
101121582	yes
101121149	yes
0372516	yes
0101032	yes
101731706	yes
101731713	yes
101731726	yes
101731723	yes
101731730	yes
101731727	yes
101731731	yes
101731734	yes
1264604	yes
100953583	yes
9808944	yes
2984727R	yes
0213264	yes
101671285	yes
9004494	yes
8100316	yes
8213295	yes
9413298	yes
9107377	yes
9889523	yes
9001289	yes
0430773	yes
101698425	yes
9509932	yes
8900488	yes
8504048	yes
8405235	yes
8800478	yes
7909235	yes
0045503	yes
7605818	yes
101465726	yes
9812937	yes
9213011	yes
8913178	yes
8812910	yes
9438457	yes
101508793	yes
101392712	yes
9212060	yes
8006226	yes
8904683	yes
7608465	yes
101656080	yes
0227276	yes
0320657	yes
7801702	yes
7513795	yes
101499602	yes
101479941	yes
0047103	yes
0133660	yes
8611877	yes
8406412	yes
101160775	yes
100883537	yes
101525386	yes
7502039	yes
100883319	yes
8309603	yes
9002902	yes
101553659	yes
0057664	yes
101167278	yes
0241111	yes
0367541	yes
101225531	yes
9308777	yes
0372612	yes
9303140	yes
0234361	yes
0100725	yes
8916049	yes
0006252	yes
100956435	yes
101094211	yes
9100492	yes
8913428	yes
9811312	yes
8900118	yes
101635599	yes
9815056	yes
9111376	yes
100966133	yes
100883395	yes
9107784	yes
7702986	yes
7701802	yes
7607123	yes
101134613	yes
0372617	yes
101272517	yes
9005353	yes
8508040	yes
0372762	yes
7708205	yes
9607599	yes
101462250	yes
8508335	yes
8305899	yes
100958385	yes
0370657	yes
101139138	yes
7513587	yes
9604391	yes
101602406	yes
0043541	yes
7805381	yes
0375037	yes
7807270	yes
0147621	yes
9612020	yes
100892858	yes
101531465	yes
9005373	yes
7906240	yes
9207930	yes
9003220	yes
0420510	yes
101247089	yes
100885136	yes
9715169	yes
9109778	yes
9317982	yes
8917383	yes
8106411	yes
8504356	yes
9512728	yes
9111390	yes
7512719	yes
7801727	yes
0373226	yes
0370707	yes
0047061	yes
0402313	yes
0370711	yes
0370712	yes
0370713	yes
101233160	yes
101528690	yes
0372772	yes
9505220	yes
16930290R	yes
7702639	yes
8207483	yes
9210143	yes
7902034	yes
101317016	yes
8103137	yes
7513292	yes
9607601	yes
0374630	yes
0010505	yes
0370735	yes
7706761	yes
101167473	yes
8800135	yes
8309633	yes
9204210	yes
0365304	yes
8204531	yes
8302815	yes
9510067	yes
8409431	yes
9706284	yes
101280107	yes
0330057	yes
101200317	yes
0374655	yes
0217764	yes
8010936	yes
8002742	yes
7910006	yes
0374675	yes
7806016	yes
101689703	yes
101084138	yes
0226040	yes
9207282	yes
9111860	yes
7909578	yes
8200291	yes
100969716	yes
8401784	yes
9014759	yes
8412849	yes
0374720	yes
100898843	yes
9610933	yes
7806862	yes
9711057	yes
100898849	yes
0270707	yes
0400675	yes
9200430	yes
101528681	yes
101562474	yes
0314024	yes
7804127	yes
8406214	yes
7603616	yes
101184882	yes
9211274	yes
0374750	yes
9710011	yes
7503051	yes
7808986	yes
9102136	yes
7906073	yes
1275002	yes
101597220	yes
9114646	yes
7907132	yes
9431305	yes
7503060	yes
100893243	yes
101176252	yes
101613234	yes
8801388	yes
101491368	yes
8710131	yes
8703515	yes
9111870	yes
8812164	yes
0157375	yes
100970413	yes
100888800	yes
8411927	yes
9700068	yes
9442138	yes
8804703	yes
101308347	yes
101139554	yes
8812166	yes
8801383	yes
101300157	yes
9433352	yes
9815671	yes
8704309	yes
8610642	yes
101318676	yes
9614685	yes
101128966	yes
0354422	yes
9011485	yes
0153605	yes
9109125	yes
7605913	yes
0401664	yes
8508119	yes
7903310	yes
101083101	yes
7601744	yes
7703944	yes
101300022	yes
101534770	yes
101622459	yes
7609631	yes
8806591	yes
101179473	yes
9102703	yes
8503886	yes
8007166	yes
1305440	yes
101487384	yes
2985080R	yes
0014067	yes
9707935	yes
7807107	yes
101322406	yes
101469694	yes
100956211	yes
2985088R	yes
100893612	yes
9716237	yes
8109498	yes
0375403	yes
7905558	yes
0217410	yes
101128757	yes
101132622	yes
101226721	yes
8206428	yes
100898657	yes
8605836	yes
0375410	yes
9610774	yes
8709735	yes
8607529	yes
0052631	yes
101233150	yes
9610507	yes
9882059	yes
101264239	yes
8511298	yes
0376364	yes
101475056	yes
100901141	yes
0376331	yes
8113536	yes
0376333	yes
9112938	yes
1264241	yes
0050303	yes
9812598	yes
9015483	yes
9111633	yes
9011206	yes
101295847	yes
101303204	yes
0376340	yes
0376342	yes
100960995	yes
9508274	yes
0376374	yes
9203369	yes
9014475	yes
8407742	yes
101607771	yes
101163270	yes
8005839	yes
8712262	yes
101238023	yes
100960562	yes
0326144	yes
9430798	yes
101712925	yes
101605555	yes
8912371	yes
101464443	yes
100889186	yes
0375521	yes
8800805	yes
8214883	yes
9432592	yes
7807333	yes
0405543	yes
101160862	yes
0347227	yes
9422753	yes
7505668	yes
9713490	yes
0375267	yes
9426302	yes
0210453	yes
100883508	yes
9437794	yes
9312850	yes
100968751	yes
8006324	yes
7500844	yes
9805456	yes
7905289	yes
101308230	yes
0400763	yes
101632149	yes
101465345	yes
8805018	yes
8100437	yes
9500169	yes
0401057	yes
9503763	yes
0236217	yes
8804532	yes
0020713	yes
7806090	yes
7600130	yes
8500749	yes
7605074	yes
8709538	yes
7905589	yes
9709307	yes
9304420	yes
7609387	yes
8219243	yes
0401075	yes
101090848	yes
8511379	yes
7603663	yes
9111474	yes
8303331	yes
8802712	yes
0401101	yes
9709118	yes
101576782	yes
9305697	yes
100890606	yes
9708549	yes
9513583	yes
7806109	yes
8406280	yes
8008690	yes
7905840	yes
101226123	yes
9302888	yes
100940513	yes
0151504	yes
0401223	yes
0151434	yes
9438794	yes
8006349	yes
9882809	yes
9882449	yes
9882015	yes
8906641	yes
101558279	yes
8302490	yes
0322116	yes
8217463	yes
101463825	yes
0370121	yes
8211617	yes
100936353	yes
8802730	yes
9101496	yes
9806488	yes
0423204	yes
7911385	yes
101723001	yes
100940059	yes
7612148	yes
0142657	yes
8002823	yes
0376507	yes
0120775	yes
8407192	yes
8214983	yes
0401273	yes
101160559	yes
101122473	yes
8803591	yes
8907468	yes
0401300	yes
101581124	yes
8908438	yes
9214757	yes
8009022	yes
101585329	yes
9425531	yes
101500934	yes
8408032	yes
8712301	yes
7507497	yes
101520867	yes
8804207	yes
9508563	yes
9306979	yes
9610769	yes
8917640	yes
101530546	yes
101656808	yes
100898759	yes
8303205	yes
0330501	yes
8904133	yes
101233161	yes
9208188	yes
8306133	yes
101213819	yes
9805378	yes
7608063	yes
0326377	yes
101522599	yes
9715779	yes
9717383	yes
0416575	yes
8712158	yes
7709027	yes
0361055	yes
1307333	yes
9423846	yes
101280339	yes
8804364	yes
101665956	yes
100971555	yes
9433356	yes
0410553	yes
9805460	yes
0366151	yes
8406899	yes
8906319	yes
8002006	yes
9706281	yes
7602745	yes
0110674	yes
0417402	yes
9884362	yes
0105072	yes
9879497	yes
9505185	yes
101266131	yes
9101000	yes
101528275	yes
9312666	yes
101477604	yes
0033370	yes
9508901	yes
0413645	yes
9435608	yes
