NlmUniqueID	embargo	oa_status
0001027	12	green
0004041	12	green
0004047	12	green
0005735	12	green
0006252	12	green
0006723	12	green
0006761	12	green
0006777	12	green
0010505	12	green
0012737	0	green
0014030	12	green
00140360R	0	green
0014052	12	green
0014067	12	green
0014133	12	green
0014162	24	green
0014171	0	green
0014207	12	green
0020713	12	green
0021406	12	green
0022623	0	green
0024046	0	green
0031164	12	green
0033370	12	green
0035665	0	green
0042005	0	green
0042033	12	green
0042124	12	green
0043125	12	green
0043306	12	green
0043312	12	green
0043535	12	green
0043541	0	green
0044652	12	green
0045312	12	green
0045335	12	green
0045377	12	green
0045503	12	green
0046021	12	green
0046052	12	green
0047061	12	green
0047103	6	green
0050222	12	green
0050303	24	green
0050452	12	green
0052457	6	green
0052631	12	green
0053006	12	green
0053252	12	green
0054655	0	green
0055107	12	green
0057202	12	green
0057664	0	green
0060105	12	green
0060450	12	green
0062647	12	green
0066127	12	green
0066751	12	green
0067206	12	green
0070014	6	green
0072416	12	green
0074243	12	green
0075674	12	green
0077340	0	green
0077427	12	green
0100626	12	green
0100714	6	green
0100725	12	green
0101032	12	green
0102444	12	green
0103130	0	green
0103146	12	green
0103314	0	green
0103374	0	green
0105072	12	green
0105454	12	green
0107305	24	green
0110672	0	green
0110674	12	green
0111052	0	green
0111356	0	green
0112037	0	green
0112040	0	green
0112725	0	green
0113724	0	green
0114365	12	green
0116711	12	green
0116717	0	green
0116744	12	green
0120300	12	green
0120775	12	green
0121103	12	green
0123703	12	green
0126611	12	green
0132144	12	green
0133660	12	green
0135054	0	green
0135232	12	green
0136553	0	green
0137162	12	green
0137356	0	green
0141053	0	green
0141233	0	green
0142167	12	green
0142657	12	green
0144032	0	green
0144042	12	green
0144554	6	green
0144731	0	green
0145600	12	green
0147621	12	green
0147763	6	green
0150372	12	green
0150472	0	green
0150760	0	green
0151000	12	green
0151115	6	green
0151434	12	green
0151504	12	green
0151620	0	green
0152016	0	green
0153605	12	green
0154720	12	green
0155157	12	green
0157312	0	green
0157313	12	green
0157375	12	green
0164074	12	green
0165035	12	green
0165053	12	green
0171671	0	green
0173225	12	green
0173320	12	green
0174752	0	green
0174763	12	green
0175411	12	green
0177346	0	green
0177625	12	green
0177722	12	green
0200525	0	green
0200547	0	green
0202503	12	green
0203706	0	green
0203727	12	green
0204522	12	green
0204634	12	green
0207224	12	green
0207277	12	green
0210174	12	green
0210453	12	green
0211301	12	green
0213155	12	green
0213264	12	green
0214055	12	green
0214745	12	green
0215166	12	green
0217132	12	green
0217410	0	green
0217440	12	green
0217764	12	green
0222526	0	green
0222643	12	green
0224131	0	green
0226040	12	green
0226661	12	green
0226703	0	green
0227276	12	green
0230027	12	green
0231335	12	green
0231714	12	green
0234135	0	green
0234361	12	green
0235266	6	green
0236217	12	green
0236512	12	green
0236760	12	green
0241111	12	green
0242543	12	green
0243532	12	green
0243704	12	green
0243705	6	green
0245075	18	green
0245331	12	green
0246127	0	green
0247035	12	green
0247660	12	green
0250641	12	green
0251711	12	green
0252052	12	green
0253664	12	green
0254463	12	green
0255562	0	green
0256422	12	green
0260231	12	green
0260316	24	green
0260564	0	green
0261412	12	green
0262321	12	green
0262322	12	green
0262521	12	green
0264620	12	green
0266262	12	green
0267200	12	green
0267442	0	green
0270707	12	green
0312020	0	green
0313225	6	green
0314024	12	green
0314524	12	green
0315061	0	green
0315073	18	green
0320626	12	green
0320657	12	green
0321213	12	green
0322067	12	green
0322116	12	green
0323431	0	green
0323470	12	green
0323767	12	green
0324055	0	green
0326144	12	green
0326264	12	green
0326377	12	green
0330057	12	green
0330167	12	green
0330411	0	green
0330500	12	green
0330501	12	green
0330666	12	green
0331266	12	green
0331777	0	green
0332173	12	green
0333506	12	green
0333507	12	green
0333601	0	green
0334721	0	green
0335405	12	green
0337330	12	green
0342017	0	green
0342367	0	green
0346411	0	green
0346653	12	green
0347227	12	green
0347631	12	green
0351014	12	green
0354343	12	green
0354422	12	green
0355501	12	green
0356504	12	green
0356657	12	green
0357245	12	green
0357443	12	green
0360051	12	green
0360342	12	green
0361031	12	green
0361055	12	green
0361512	12	green
0361603	12	green
0364220	12	green
0364265	0	green
0364456	12	green
0364535	24	green
0365263	12	green
0365304	12	green
0365307	12	green
0365332	12	green
0365337	0	green
0365646	0	green
0366151	12	green
0366372	12	green
0366543	12	green
0367033	12	green
0367050	12	green
0367541	12	green
0370033	0	green
0370073	0	green
0370121	12	green
0370270	12	green
0370306	12	green
0370307	0	green
0370310	0	green
0370320	12	green
0370336	12	green
0370343	0	green
0370344	12	green
0370354	12	green
0370364	12	green
0370366	0	green
0370374	12	green
0370400	0	green
0370436	12	green
0370465	12	green
0370467	12	green
0370470	12	green
0370473	12	green
0370475	6	green
0370476	12	green
0370500	12	green
0370502	12	green
0370506	12	green
0370507	0	green
0370512	0	green
0370521	0	green
0370524	12	green
0370525	12	green
0370534	12	green
0370535	12	green
0370536	12	green
0370543	12	green
0370570	12	green
0370571	12	green
0370612	12	green
0370616	12	green
0370623	12	green
0370626	12	green
0370635	6	green
0370636	12	green
0370647	12	green
0370657	12	green
0370667	12	green
0370707	12	green
0370711	12	green
0370712	12	green
0370713	12	green
0370723	0	green
0370735	12	green
0370740	12	green
0370760	12	green
0372307	0	green
0372347	12	green
0372354	12	green
0372355	0	green
0372361	12	green
0372403	12	green
0372406	0	green
0372430	12	green
0372434	0	green
0372477	24	green
0372516	12	green
0372525	12	green
0372526	0	green
0372537	12	green
0372541	12	green
0372544	12	green
0372547	6	green
0372553	12	green
0372557	12	green
0372606	0	green
0372612	0	green
0372617	12	green
0372625	12	green
0372630	12	green
0372646	12	green
0372652	12	green
0372707	0	green
0372712	0	green
0372714	12	green
0372715	0	green
0372725	12	green
0372741	12	green
0372755	12	green
0372762	12	green
0372763	0	green
0372764	12	green
0372772	12	green
0373007	6	green
0373027	12	green
0373124	12	green
0373125	12	green
0373126	24	green
0373152	0	green
0373220	12	green
0373224	12	green
0373226	12	green
0374236	12	green
0374630	12	green
0374636	12	green
0374654	0	green
0374660	0	green
0374672	12	green
0374675	0	green
0374701	0	green
0374714	0	green
0374716	12	green
0374720	12	green
0374726	0	green
0374731	12	green
0374750	12	green
0374755	12	green
0375037	24	green
0375040	12	green
0375267	12	green
0375272	12	green
0375327	12	green
0375356	0	green
0375360	0	green
0375361	12	green
0375362	12	green
0375363	0	green
0375370	12	green
0375373	12	green
0375400	12	green
0375402	12	green
0375403	12	green
0375404	12	green
0375410	12	green
0375434	12	green
0375521	12	green
0375566	12	green
0375655	12	green
0375672	12	green
0376027	12	green
0376166	12	green
0376331	12	green
0376332	12	green
0376333	12	green
0376334	12	green
0376337	12	green
0376340	12	green
0376342	12	green
0376343	12	green
0376363	12	green
0376364	12	green
0376370	12	green
0376372	12	green
0376377	12	green
0376404	12	green
0376405	12	green
0376412	0	green
0376422	12	green
0376424	0	green
0376425	12	green
0376427	18	green
0376442	12	green
0376465	12	green
0376470	12	green
0376473	0	green
0376475	0	green
0376476	0	green
0376503	12	green
0376505	12	green
0376507	12	green
0376536	12	green
0376542	12	green
0376573	12	green
0376574	12	green
0376600	12	green
0376601	0	green
0376606	0	green
0376611	0	green
0376617	6	green
0376642	0	green
0376757	12	green
0400640	0	green
0400645	0	green
0400666	24	green
0400673	0	green
0400675	12	green
0400721	0	green
0400732	12	green
0400763	12	green
0400764	12	green
0400767	12	green
0400773	12	green
0401006	12	green
0401007	12	green
0401052	0	green
0401057	12	green
0401060	12	green
0401067	6	green
0401075	12	green
0401101	12	green
0401107	0	green
0401121	0	green
0401126	12	green
0401131	0	green
0401132	0	green
0401133	12	green
0401141	0	green
0401147	12	green
0401150	0	green
0401152	12	green
0401220	12	green
0401223	12	green
0401224	12	green
0401233	12	green
0401257	12	green
0401260	0	green
0401273	12	green
0401300	12	green
0401404	12	green
0401650	12	green
0401663	12	green
0401664	12	green
0402313	12	green
0403171	24	green
0403234	12	green
0404024	12	green
0404243	12	green
0404375	12	green
0404510	12	green
0404511	0	green
0404514	12	green
0404520	0	green
0404536	12	green
0404551	12	green
0405376	0	green
0405543	12	green
0405571	0	green
0406021	0	green
0406041	12	green
0406125	12	green
0407300	0	green
0410263	12	green
0410427	12	green
0410447	24	green
0410462	0	green
0410553	12	green
0411011	0	green
0411361	0	green
0411772	12	green
0412004	0	green
0412041	12	green
0413066	12	green
0413415	24	green
0413423	0	green
0413606	12	green
0413645	12	green
0413675	12	green
0414162	12	green
0414576	12	green
0414670	12	green
0415227	0	green
0415677	12	green
0416575	12	green
0416661	12	green
0417347	12	green
0417353	0	green
0417360	12	green
0417367	0	green
0417372	0	green
0417373	0	green
0417402	12	green
0417435	0	green
0417442	12	green
0417615	12	green
0417625	12	green
0417731	12	green
0417737	6	green
0420404	12	green
0420432	12	green
0420510	12	green
0420544	12	green
0421030	12	green
0421041	0	green
0421110	12	green
0421406	12	green
0421510	12	green
0421520	12	green
0423161	12	green
0423204	12	green
0423221	12	green
0423506	12	green
0424767	12	green
0425076	12	green
0425123	12	green
0425124	12	green
0425743	0	green
0425746	12	green
0425754	12	green
0426720	12	green
0427461	12	green
0430303	0	green
0430463	12	green
0430773	12	green
0431155	12	green
0432520	0	green
0432557	12	green
0433604	12	green
0435062	12	green
100883319	12	green
100883360	0	green
100883369	6	green
100883395	12	green
100883413	0	green
100883416	12	green
100883417	0	green
100883432	12	green
100883448	0	green
100883450	12	green
100883501	12	green
100883503	0	green
100883508	12	green
100883537	12	green
100883581	0	green
100883596	12	green
100883603	6	green
100883604	0	green
100883611	12	green
100883645	12	green
100883647	0	green
100883649	12	green
100883685	12	green
100883688	12	green
100883691	12	green
100883692	12	green
100883818	12	green
100884139	12	green
100885136	12	green
100885154	12	green
100885357	12	green
100886002	12	green
100886162	0	green
100886202	12	green
100886238	12	green
100886622	0	green
100886721	12	green
100886823	6	green
100887374	12	green
100887377	12	green
100887391	12	green
100887419	12	green
100887420	12	green
100887452	0	green
100887595	12	green
100888004	12	green
100888143	12	green
100888160	12	green
100888201	12	green
100888334	12	green
100888552	0	green
100888554	12	green
100888704	12	green
100888706	12	green
100888751	12	green
100888796	12	green
100888800	12	green
100888896	12	green
100888899	0	green
100888960	12	green
100888967	12	green
100888969	12	green
100888970	12	green
100888977	12	green
100888982	12	green
100889025	12	green
100889084	0	green
100889186	12	green
100890099	12	green
100890393	12	green
100890575	0	green
100890578	0	green
100890581	12	green
100890606	12	green
100890607	24	green
100890609	0	green
100891853	0	green
100891857	12	green
100892005	12	green
100892086	0	green
100892202	12	green
100892712	12	green
100892832	12	green
100892849	12	green
100892857	12	green
100892858	12	green
100893225	12	green
100893237	12	green
100893243	12	green
100893366	12	green
100893612	12	green
100894201	0	green
100894724	12	green
100895290	12	green
100895309	12	green
100896531	12	green
100896672	6	green
100896915	0	green
100897327	24	green
100897329	0	green
100897346	12	green
100897350	0	green
100897390	0	green
100897392	12	green
100897394	12	green
100897395	12	green
100897685	12	green
100898209	12	green
100898211	12	green
100898657	12	green
100898731	12	green
100898738	12	green
100898744	12	green
100898759	12	green
100898843	12	green
100898849	0	green
100898941	12	green
100899600	0	green
100900921	12	green
100900943	12	green
100900946	12	green
100901141	12	green
100901183	0	green
100901225	12	green
100901226	12	green
100901227	12	green
100901228	12	green
100901229	12	green
100901230	12	green
100901315	12	green
100901316	0	green
100901990	12	green
100909185	12	green
100909359	12	green
100909380	0	green
100909394	12	green
100909407	12	green
100909747	0	green
100911021	12	green
100911346	0	green
100911591	12	green
100912837	12	green
100913944	12	green
100927353	0	green
100927567	12	green
100929017	12	green
100930043	12	green
100931242	12	green
100931790	12	green
100931981	6	green
100935741	12	green
100936348	0	green
100936353	0	green
100936359	12	green
100937360	12	green
100939340	12	green
100939343	12	green
100939345	12	green
100939725	0	green
100939812	0	green
100940059	0	green
100940513	12	green
100940562	0	green
100940588	12	green
100940729	0	green
100941354	0	green
100942132	0	green
100953417	6	green
100953583	12	green
100953980	0	green
100954211	12	green
100954653	12	green
100954728	12	green
100954790	12	green
100954969	0	green
100955036	12	green
100955049	12	green
100955338	12	green
100955807	12	green
100956087	6	green
100956211	0	green
100956422	12	green
100956435	0	green
100956805	12	green
100957246	0	green
100957268	0	green
100958385	12	green
100959175	12	green
100959226	12	green
100959228	0	green
100959500	12	green
100959585	0	green
100959882	0	green
100959949	0	green
100960007	0	green
100960111	12	green
100960529	6	green
100960530	6	green
100960531	6	green
100960533	6	green
100960562	0	green
100960660	0	green
100960995	12	green
100961504	12	green
100962779	6	green
100962781	6	green
100962782	6	green
100963049	6	green
100963089	0	green
100963688	12	green
100963739	12	green
100963897	12	green
100964009	0	green
100965121	12	green
100965194	0	green
100965258	0	green
100965259	12	green
100965525	0	green
100966032	12	green
100966034	12	green
100966035	12	green
100966036	0	green
100966133	12	green
100966936	12	green
100966980	0	green
100966981	0	green
100966986	0	green
100967627	12	green
100967755	12	green
100967792	0	green
100967793	0	green
100967799	0	green
100967800	0	green
100967802	0	green
100967804	0	green
100967807	0	green
100968535	0	green
100968539	0	green
100968543	0	green
100968545	0	green
100968547	0	green
100968548	0	green
100968551	0	green
100968553	0	green
100968555	0	green
100968559	0	green
100968562	0	green
100968563	0	green
100968565	0	green
100968567	0	green
100968571	0	green
100968638	12	green
100968751	12	green
100969716	12	green
100970070	24	green
100970413	12	green
100970605	12	green
100970666	12	green
100970884	0	green
100971555	12	green
100971574	0	green
100971636	0	green
100972232	12	green
100973394	12	green
100973405	12	green
100973416	0	green
100973463	0	green
101082834	0	green
101083072	0	green
101083101	12	green
101083217	12	green
101083777	0	green
101083946	12	green
101083949	6	green
101084138	0	green
101084156	0	green
101085384	12	green
101085550	6	green
101086634	12	green
101087697	12	green
101088070	12	green
101088083	0	green
101088169	0	green
101088505	12	green
101088554	12	green
101088663	0	green
101088676	0	green
101088677	0	green
101088679	0	green
101088680	0	green
101088682	0	green
101088684	0	green
101088685	0	green
101088690	0	green
101089166	12	green
101089176	0	green
101089443	12	green
101090048	18	green
101090633	0	green
101090848	12	green
101090931	0	green
101091305	12	green
101092707	12	green
101092791	0	green
101092952	12	green
101093076	6	green
101093320	12	green
101093791	12	green
101093910	12	green
101094211	6	green
101094212	6	green
101095192	0	green
101095653	12	green
101096396	0	green
101096440	12	green
101096515	12	green
101096520	12	green
101097023	0	green
101119673	6	green
101120023	12	green
101120028	12	green
101120118	0	green
101120121	0	green
101120122	24	green
101120605	12	green
101120682	12	green
101120693	12	green
101120777	12	green
101121149	12	green
101121166	12	green
101121446	12	green
101121582	12	green
101121949	12	green
101122473	12	green
101123037	0	green
101123358	12	green
101124168	6	green
101124169	6	green
101124170	12	green
101124171	6	green
101124451	12	green
101124748	0	green
101125414	12	green
101125446	6	green
101125608	12	green
101125610	12	green
101125644	12	green
101125647	0	green
101125678	0	green
101125969	12	green
101126433	0	green
101126530	12	green
101126895	12	green
101126979	12	green
101127833	12	green
101128359	0	green
101128385	12	green
101128698	0	green
101128757	0	green
101128775	12	green
101128793	12	green
101128834	0	green
101128948	12	green
101128963	12	green
101128966	12	green
101128967	12	green
101128968	12	green
101129617	0	green
101129944	12	green
101130150	0	green
101130615	12	green
101130617	12	green
101130732	12	green
101130835	12	green
101130839	0	green
101130961	0	green
101130964	12	green
101130981	0	green
101131135	0	green
101131163	0	green
101132257	12	green
101132535	12	green
101132622	12	green
101132728	0	green
101132995	12	green
101133002	12	green
101133385	0	green
101133858	12	green
101134327	12	green
101134380	12	green
101134521	12	green
101134613	12	green
101134822	12	green
101134867	12	green
101135325	12	green
101135365	12	green
101135662	12	green
101135738	12	green
101135751	12	green
101135818	12	green
101135941	12	green
101136419	12	green
101136421	0	green
101136878	12	green
101136916	0	green
101137103	0	green
101137599	12	green
101137600	12	green
101137604	12	green
101137841	12	green
101137842	0	green
101138477	0	green
101139138	12	green
101139309	0	green
101139554	12	green
101139802	0	green
101139812	0	green
101140017	12	green
101140022	12	green
101140025	12	green
101140517	12	green
101140527	12	green
101140941	0	green
101140988	12	green
101141280	12	green
101141667	12	green
101141792	12	green
101142025	12	green
101142069	12	green
101142157	12	green
101142169	12	green
101142469	12	green
101142614	0	green
101142708	0	green
101143078	12	green
101143317	12	green
101144015	0	green
101144297	0	green
101144324	0	green
101144384	0	green
101144385	12	green
101144387	12	green
101146178	0	green
101146510	0	green
101146739	12	green
101146940	12	green
101147197	0	green
101147518	0	green
101147637	0	green
101147645	0	green
101147692	0	green
101147696	0	green
101147698	0	green
101148926	12	green
101149327	12	green
101150032	0	green
101150042	12	green
101150203	0	green
101150314	12	green
101150318	0	green
101151352	12	green
101151457	12	green
101151468	0	green
101152152	0	green
101152198	0	green
101152213	0	green
101152341	12	green
101152804	12	green
101152869	0	green
101153624	0	green
101153626	0	green
101153627	0	green
101154140	12	green
101154361	0	green
101154438	0	green
101154995	12	green
101155056	12	green
101155473	0	green
101155475	12	green
101156063	12	green
101156086	12	green
101156268	12	green
101156357	0	green
101156990	6	green
101157208	6	green
101157212	6	green
101157239	6	green
101157394	12	green
101157530	12	green
101158399	12	green
101159262	0	green
101159952	0	green
101160559	12	green
101160775	12	green
101160857	12	green
101160862	12	green
101160941	12	green
101163027	12	green
101163270	12	green
101163587	0	green
101164773	12	green
101165248	12	green
101165286	12	green
101166135	18	green
101167278	12	green
101167473	12	green
101167637	12	green
101167768	0	green
101167924	12	green
101168070	12	green
101168228	12	green
101168329	12	green
101168776	0	green
101170464	0	green
101170481	0	green
101170508	12	green
101170535	0	green
101170544	0	green
101172931	0	green
101174860	0	green
101176023	12	green
101176026	12	green
101176252	12	green
101176492	12	green
101177984	12	green
101178411	0	green
101179473	0	green
101181180	12	green
101181252	6	green
101181284	12	green
101181344	12	green
101181368	12	green
101182328	12	green
101182345	12	green
101183755	0	green
101184882	12	green
101185242	12	green
101185267	12	green
101185420	0	green
101185472	12	green
101186374	0	green
101186484	12	green
101186624	12	green
101187344	0	green
101188418	0	green
101188638	12	green
101188791	0	green
101189034	0	green
101189384	0	green
101189457	0	green
101189458	12	green
101189728	12	green
101189774	0	green
101190261	6	green
101190326	12	green
101190720	0	green
101190723	0	green
101190741	0	green
101193365	12	green
101193653	12	green
101196487	12	green
101196722	0	green
101196755	0	green
101197107	0	green
101197408	0	green
101197449	12	green
101197451	0	green
101197454	12	green
101197457	12	green
101197608	0	green
101197791	12	green
101197794	0	green
101198195	12	green
101199824	12	green
101200317	12	green
101200947	0	green
101201025	0	green
101201068	0	green
101201192	12	green
101201889	0	green
101201960	0	green
101204366	0	green
101205669	0	green
101206627	12	green
101208185	12	green
101208422	12	green
101208439	6	green
101208441	6	green
101208455	6	green
101208457	6	green
101209214	12	green
101211769	0	green
101212092	12	green
101212761	0	green
101213033	0	green
101213381	0	green
101213729	0	green
101213819	0	green
101213861	12	green
101213954	0	green
101214316	0	green
101214977	12	green
101215604	0	green
101216893	0	green
101217089	0	green
101217269	0	green
101217933	12	green
101219668	0	green
101220684	0	green
101222144	12	green
101222431	18	green
101222433	12	green
101222974	0	green
101223209	12	green
101223548	12	green
101224380	0	green
101225070	0	green
101225531	12	green
101226123	12	green
101226212	0	green
101226721	12	green
101227436	0	green
101227511	12	green
101227686	0	green
101227890	6	green
101228232	12	green
101228421	12	green
101228422	12	green
101229024	0	green
101229646	6	green
101229718	24	green
101230058	12	green
101230060	12	green
101230445	12	green
101230693	12	green
101230758	12	green
101230907	0	green
101230972	12	green
101231005	12	green
101231360	0	green
101231417	0	green
101231645	0	green
101231818	12	green
101231934	12	green
101231974	12	green
101231976	0	green
101231977	6	green
101231978	12	green
101232233	0	green
101232337	12	green
101232529	0	green
101232704	12	green
101233132	12	green
101233142	12	green
101233144	12	green
101233150	12	green
101233160	12	green
101233161	12	green
101233170	12	green
101233393	12	green
101233809	0	green
101234011	0	green
101234168	0	green
101234237	12	green
101234238	12	green
101234500	12	green
101234521	12	green
101234999	12	green
101235219	12	green
101235322	12	green
101235328	0	green
101235338	12	green
101235389	0	green
101235568	0	green
101235661	12	green
101235690	12	green
101235694	12	green
101235741	12	green
101235742	12	green
101235745	12	green
101236111	12	green
101236354	0	green
101236535	12	green
101237921	0	green
101238023	12	green
101238198	0	green
101238455	0	green
101238549	0	green
101238551	12	green
101238921	0	green
101238922	0	green
101239023	12	green
101239074	0	green
101239345	0	green
101239891	6	green
101240003	12	green
101240290	6	green
101240303	6	green
101241272	12	green
101241430	12	green
101241654	12	green
101242019	12	green
101242342	12	green
101242662	0	green
101242667	0	green
101242872	6	green
101244316	12	green
101244624	0	green
101245157	0	green
101245734	0	green
101245751	0	green
101245792	0	green
101245794	0	green
101247023	12	green
101247089	12	green
101247110	0	green
101247119	12	green
101247224	0	green
101247254	12	green
101247722	0	green
101248897	0	green
101249598	0	green
101249759	0	green
101249830	12	green
101250499	12	green
101250502	12	green
101250741	12	green
101250764	12	green
101251558	0	green
101251562	0	green
101253019	0	green
101253260	6	green
101253266	0	green
101254059	12	green
101255062	0	green
101255937	12	green
101255941	0	green
101256108	6	green
101256323	0	green
101256506	0	green
101256509	0	green
101256527	12	green
101256586	12	green
101256629	0	green
101256850	12	green
101257109	0	green
101257528	12	green
101258058	0	green
101258060	0	green
101258411	0	green
101258412	0	green
101259013	12	green
101259752	12	green
101259775	0	green
101260152	12	green
101260777	0	green
101260955	12	green
101261935	6	green
101261938	6	green
101262417	0	green
101262545	12	green
101262549	12	green
101262565	12	green
101262774	12	green
101262796	6	green
101263153	12	green
101263253	0	green
101263418	12	green
101263847	0	green
101264123	12	green
101264149	0	green
101264239	12	green
101264260	12	green
101264333	0	green
101264408	12	green
101264860	12	green
101264945	12	green
101265111	0	green
101265113	0	green
101265188	12	green
101265293	0	green
101265649	6	green
101265750	6	green
101265833	12	green
101266081	6	green
101266131	12	green
101266600	0	green
101266602	0	green
101266603	0	green
101266881	6	green
101266892	12	green
101266965	12	green
101267281	12	green
101268948	12	green
101269039	0	green
101269155	6	green
101269157	6	green
101269158	6	green
101269160	6	green
101269163	6	green
101270595	12	green
101270611	12	green
101270873	6	green
101270895	6	green
101271023	0	green
101271025	12	green
101271248	12	green
101271249	0	green
101271531	12	green
101271570	0	green
101272517	6	green
101273479	0	green
101273480	0	green
101273481	0	green
101273663	12	green
101273919	0	green
101273946	0	green
101273949	0	green
101274068	0	green
101274235	12	green
101274347	0	green
101274889	12	green
101275679	0	green
101276038	0	green
101276222	12	green
101276430	0	green
101277157	12	green
101278111	0	green
101278116	0	green
101278120	0	green
101278196	12	green
101278199	12	green
101278293	12	green
101278296	12	green
101278599	12	green
101279009	12	green
101279357	0	green
101280339	12	green
101282001	12	green
101282564	12	green
101282906	12	green
101283273	0	green
101284307	0	green
101284598	12	green
101285081	0	green
101285195	12	green
101286574	0	green
101286577	0	green
101286760	0	green
101287723	0	green
101288795	0	green
101290381	12	green
101291247	12	green
101291249	12	green
101291431	0	green
101291488	0	green
101291585	12	green
101291922	6	green
101292775	12	green
101292902	12	green
101293382	0	green
101294643	12	green
101295070	12	green
101295103	0	green
101295755	12	green
101295847	0	green
101297401	0	green
101297402	12	green
101298201	12	green
101298363	12	green
101298608	12	green
101298744	12	green
101299403	0	green
101299723	12	green
101299725	0	green
101299742	6	green
101299965	0	green
101300022	12	green
101300157	12	green
101300213	12	green
101300215	12	green
101300401	12	green
101300405	12	green
101300786	12	green
101301086	6	green
101301198	0	green
101302316	12	green
101302699	12	green
101302943	0	green
101303204	12	green
101303205	0	green
101303270	0	green
101303911	12	green
101303952	12	green
101304007	0	green
101304009	12	green
101304010	12	green
101304394	12	green
101304551	0	green
101304602	12	green
101304616	12	green
101305205	12	green
101306166	0	green
101306633	12	green
101306759	12	green
101307557	12	green
101308228	12	green
101308230	0	green
101308347	12	green
101308490	12	green
101308636	12	green
101308769	12	green
101309314	12	green
101309942	6	green
101311472	12	green
101312520	0	green
101312535	0	green
101312976	0	green
101313252	6	green
101313350	12	green
101313589	12	green
101313850	12	green
101313855	12	green
101315005	12	green
101315570	0	green
101315820	0	green
101316317	0	green
101316335	0	green
101316343	0	green
101316472	0	green
101316917	0	green
101316957	0	green
101316961	12	green
101317016	12	green
101317183	12	green
101318567	12	green
101318676	12	green
101318927	12	green
101318988	12	green
101319534	12	green
101319536	12	green
101319538	12	green
101319628	0	green
101319630	0	green
101319632	12	green
101320027	12	green
101320224	24	green
101320232	12	green
101321326	0	green
101321614	0	green
101322406	12	green
101392167	12	green
101392205	12	green
101392499	12	green
101392712	0	green
101462250	12	green
101462262	6	green
101462768	0	green
101462774	0	green
101463825	12	green
101463871	12	green
101464443	0	green
101464963	12	green
101465345	0	green
101465400	0	green
101465514	12	green
101465592	12	green
101465604	12	green
101465655	12	green
101465662	12	green
101465726	0	green
101466659	0	green
101466660	0	green
101466663	0	green
101467004	12	green
101467978	12	green
101467995	12	green
101467997	6	green
101468093	0	green
101468102	12	green
101468335	0	green
101468585	12	green
101468718	6	green
101468753	12	green
101468876	0	green
101468937	0	green
101469340	12	green
101469429	0	green
101469464	0	green
101469471	0	green
101469670	0	green
101469694	12	green
101470897	0	green
101471195	12	green
101471610	0	green
101471619	0	green
101472191	12	green
101472305	0	green
101472371	12	green
101473265	0	green
101473502	12	green
101473576	6	green
101473598	0	green
101474067	0	green
101474167	0	green
101474365	6	green
101474930	12	green
101475011	12	green
101475056	12	green
101475057	0	green
101475200	12	green
101475259	6	green
101475745	0	green
101475844	0	green
101476450	0	green
101476585	12	green
101477246	12	green
101477511	0	green
101477604	12	green
101477940	0	green
101478346	12	green
101478378	12	green
101478566	0	green
101479409	12	green
101479627	12	green
101479826	0	green
101479829	0	green
101479935	6	green
101479941	6	green
101481027	12	green
101481266	0	green
101482903	0	green
101483332	0	green
101483449	12	green
101483831	12	green
101483832	0	green
101484100	12	green
101484109	12	green
101484711	0	green
101484755	0	green
101485040	12	green
101485158	0	green
101485240	0	green
101485241	0	green
101485942	12	green
101487380	0	green
101487384	0	green
101489148	6	green
101490061	0	green
101490689	12	green
101490944	0	green
101491191	0	green
101491209	12	green
101491319	12	green
101491368	0	green
101492420	12	green
101492916	0	green
101493803	0	green
101494210	0	green
101494830	12	green
101495343	0	green
101495366	0	green
101495376	0	green
101495384	12	green
101496665	0	green
101496866	12	green
101497462	0	green
101497477	12	green
101498346	12	green
101499145	12	green
101499207	12	green
101499225	12	green
101499453	12	green
101499602	6	green
101499631	0	green
101499734	0	green
101500072	6	green
101500075	6	green
101500077	6	green
101500078	6	green
101500079	6	green
101500080	6	green
101500081	6	green
101500082	6	green
101500303	18	green
101500934	12	green
101501666	0	green
101502773	12	green
101502957	12	green
101503361	0	green
101503669	0	green
101504326	0	green
101504351	0	green
101504416	12	green
101504991	12	green
101505086	0	green
101506753	12	green
101506757	12	green
101506777	12	green
101507115	0	green
101507284	0	green
101508311	12	green
101508617	0	green
101508793	12	green
101509707	0	green
101509722	0	green
101510649	12	green
101510759	0	green
101511162	0	green
101511643	0	green
101512484	0	green
101514185	0	green
101515919	12	green
101516361	0	green
101516571	12	green
101516977	0	green
101517071	0	green
101517079	0	green
101517095	12	green
101517297	12	green
101517692	0	green
101517697	0	green
101517820	12	green
101517977	0	green
101518076	12	green
101518086	12	green
101518151	12	green
101518322	0	green
101518378	0	green
101518405	12	green
101518415	0	green
101518419	0	green
101518422	0	green
101518829	0	green
101519231	0	green
101519472	0	green
101519720	0	green
101519733	12	green
101520702	0	green
101520860	0	green
101520867	12	green
101521595	0	green
101521797	0	green
101521964	12	green
101522043	12	green
101522599	12	green
101523844	12	green
101524060	0	green
101524092	0	green
101524169	12	green
101524465	12	green
101524770	12	green
101525157	0	green
101525249	12	green
101525337	12	green
101525386	12	green
101526034	12	green
101526291	0	green
101526295	0	green
101526693	12	green
101527581	0	green
101528166	0	green
101528176	0	green
101528229	12	green
101528275	12	green
101528330	0	green
101528555	0	green
101528587	12	green
101528681	12	green
101528690	12	green
101528691	0	green
101528721	0	green
101529315	12	green
101529880	12	green
101530293	12	green
101530546	12	green
101530765	0	green
101530967	12	green
101530974	0	green
101531386	0	green
101531441	0	green
101531465	12	green
101531846	12	green
101531992	0	green
101532142	0	green
101532368	0	green
101532664	12	green
101533694	12	green
101534130	12	green
101534222	0	green
101534770	12	green
101536416	0	green
101536955	12	green
101537529	0	green
101537732	12	green
101538870	0	green
101538885	12	green
101538987	12	green
101539150	12	green
101539818	12	green
101540061	12	green
101540874	12	green
101541727	0	green
101541838	0	green
101542497	0	green
101543508	0	green
101543518	0	green
101543738	12	green
101544020	0	green
101546952	0	green
101546984	0	green
101548963	0	green
101549033	12	green
101549428	12	green
101549629	0	green
101549998	12	green
101550220	0	green
101550261	12	green
101550313	0	green
101551097	0	green
101551481	0	green
101552395	0	green
101552483	12	green
101552874	0	green
101552883	0	green
101552938	12	green
101553157	0	green
101553404	0	green
101553659	12	green
101553823	0	green
101554668	0	green
101554863	0	green
101554912	12	green
101555782	0	green
101555934	0	green
101558279	12	green
101558292	12	green
101558762	0	green
101558993	0	green
101559025	0	green
101560587	12	green
101560815	12	green
101560941	12	green
101560960	0	green
101561091	0	green
101561193	0	green
101561693	12	green
101562474	12	green
101562664	0	green
101562758	0	green
101563288	0	green
101564430	12	green
101564536	0	green
101565123	0	green
101566285	0	green
101566341	0	green
101566598	0	green
101567041	12	green
101567362	0	green
101567863	0	green
101568469	0	green
101568499	12	green
101569493	0	green
101570526	0	green
101570622	12	green
101570837	0	green
101572033	12	green
101572336	12	green
101572652	0	green
101572655	0	green
101572899	12	green
101573167	12	green
101573691	0	green
101573788	12	green
101573920	12	green
101574442	12	green
101575075	12	green
101575086	12	green
101575677	0	green
101576205	0	green
101576624	12	green
101576715	0	green
101576782	12	green
101577308	0	green
101577885	0	green
101578018	0	green
101578022	0	green
101578283	12	green
101578294	0	green
101579614	0	green
101580011	0	green
101580247	12	green
101580419	0	green
101580524	0	green
101580575	0	green
101580716	0	green
101580767	12	green
101580948	12	green
101581124	12	green
101581613	12	green
101582422	12	green
101582615	0	green
101582666	12	green
101583421	12	green
101583622	0	green
101583709	0	green
101584082	12	green
101584158	0	green
101584391	0	green
101584990	12	green
101585129	12	green
101585329	12	green
101585359	0	green
101585411	0	green
101585484	0	green
101586049	24	green
101586617	0	green
101587185	12	green
101587186	12	green
101587480	12	green
101587954	12	green
101588314	0	green
101589965	0	green
101590449	0	green
101590587	0	green
101590593	0	green
101590643	0	green
101590955	0	green
101591369	12	green
101591861	0	green
101592569	12	green
101592642	12	green
101593571	12	green
101594320	0	green
101594668	0	green
101594777	0	green
101594811	0	green
101594885	0	green
101595310	0	green
101595366	12	green
101595834	12	green
101595919	0	green
101596414	0	green
101596828	12	green
101596872	0	green
101597070	0	green
101597220	12	green
101597411	12	green
101597971	0	green
101598241	12	green
101598493	12	green
101598595	12	green
101599215	12	green
101599229	12	green
101600052	0	green
101600173	0	green
101600811	12	green
101601065	12	green
101601576	12	green
101602037	0	green
101602406	12	green
101602699	12	green
101602701	12	green
101603118	12	green
101603418	0	green
101603758	0	green
101603887	12	green
101603896	0	green
101603979	12	green
101604290	0	green
101604520	0	green
101604797	12	green
101605237	0	green
101605555	0	green
101605639	0	green
101605730	0	green
101606001	0	green
101606645	0	green
101606807	0	green
101607771	12	green
101607800	0	green
101608648	12	green
101609037	0	green
101609191	0	green
101609393	0	green
101610479	0	green
101610673	0	green
101611300	0	green
101612996	0	green
101613233	12	green
101613234	12	green
101613665	0	green
101614637	12	green
101614773	12	green
101615124	12	green
101615147	0	green
101615153	12	green
101615660	0	green
101616214	0	green
101616579	0	green
101616707	0	green
101618821	0	green
101619905	0	green
101620182	0	green
101620313	0	green
101620319	0	green
101620352	0	green
101620585	0	green
101620603	0	green
101620864	0	green
101622189	12	green
101622459	0	green
101623153	0	green
101623278	0	green
101623431	6	green
101623537	12	green
101623613	0	green
101623795	12	green
101623819	0	green
101624439	0	green
101624623	0	green
101624698	12	green
101624758	0	green
101625721	0	green
101626369	0	green
101626590	0	green
101627166	0	green
101627676	0	green
101627692	0	green
101627814	12	green
101628476	12	green
101629322	0	green
101629387	12	green
101631045	6	green
101631047	12	green
101631218	0	green
101631219	0	green
101631999	0	green
101632149	12	green
101632211	12	green
101632437	12	green
101632727	0	green
101633705	0	green
101634614	0	green
101635417	12	green
101635460	0	green
101635599	12	green
101635698	0	green
101636244	12	green
101636388	0	green
101638061	0	green
101638123	0	green
101638820	12	green
101639933	12	green
101640192	0	green
101641391	0	green
101643181	0	green
101643584	0	green
101645355	0	green
101647039	0	green
101647362	0	green
101648302	0	green
101649136	12	green
101649948	0	green
101650235	12	green
101650829	12	green
101651677	0	green
101652401	12	green
101653409	12	green
101653440	0	green
101654580	12	green
101654592	12	green
101654670	12	green
101654694	0	green
101654734	12	green
101656080	12	green
101656808	12	green
101656995	12	green
101658534	0	green
101660690	0	green
101662038	0	green
101664569	0	green
101665661	12	green
101665956	12	green
101666944	0	green
101669031	12	green
101669124	24	green
101669191	0	green
101669345	0	green
101669491	12	green
101671170	0	green
101671285	12	green
101671820	0	green
101672103	6	green
101674352	12	green
101674533	0	green
101674571	12	green
101674869	0	green
101674872	12	green
101675002	12	green
101675083	12	green
101675107	0	green
101675570	12	green
101676019	0	green
101676043	0	green
101676073	0	green
101676086	0	green
101676423	0	green
101676532	0	green
101676795	12	green
101677786	0	green
101677796	12	green
101678837	0	green
101679980	12	green
101680410	12	green
101680856	6	green
101680867	0	green
101681234	12	green
101681550	0	green
101681801	12	green
101682864	12	green
101684827	0	green
101684997	12	green
101685275	0	green
101685366	12	green
101686284	12	green
101688624	0	green
101689703	12	green
101689996	0	green
101690683	0	green
101690685	0	green
101692036	0	green
101692332	0	green
101692753	12	green
101693805	12	green
101693884	12	green
101695048	12	green
101695860	0	green
101696724	0	green
101696896	0	green
101697320	0	green
101697329	0	green
101697632	0	green
101697750	0	green
101698425	0	green
101698453	0	green
101698454	12	green
101698577	0	green
101698994	0	green
101699003	0	green
101699923	12	green
101700650	0	green
101701089	12	green
101701588	12	green
101703450	0	green
101704339	0	green
101705789	0	green
101706399	12	green
101708159	1	green
101708809	12	green
101709200	12	green
101710381	0	green
101712576	12	green
101712925	0	green
101713384	12	green
101714113	6	green
101715577	0	green
101716139	0	green
101717526	12	green
101717568	12	green
101719009	0	green
101719179	0	green
101719675	0	green
101719700	0	green
101721752	0	green
101722685	0	green
101723001	12	green
101723675	0	green
101723786	0	green
101724868	0	green
101724904	12	green
101727782	12	green
101729235	0	green
101729993	12	green
101730067	12	green
101730510	12	green
101731706	12	green
101731713	12	green
101731723	12	green
101731726	12	green
101731727	12	green
101731730	12	green
101731731	12	green
101731734	12	green
101733136	0	green
101734172	0	green
101734781	0	green
101735273	12	green
101735701	6	green
101736592	0	green
101736847	0	green
101738191	0	green
101738236	12	green
101738312	0	green
101738444	12	green
101741148	0	green
101743493	0	green
101743576	0	green
101745500	0	green
101747728	0	green
101751302	0	green
101752767	12	green
101757922	0	green
101758685	12	green
101758692	0	green
101759159	0	green
101760671	12	green
101761026	12	green
101761581	0	green
101762461	6	green
101764819	12	green
101765626	0	green
101766756	12	green
101770876	12	green
101770878	0	green
101770938	12	green
101770941	12	green
101771152	12	green
101771154	12	green
101773609	12	green
101774629	12	green
101775189	0	green
101775319	12	green
101775394	0	green
101775611	12	green
101775613	0	green
101776133	6	green
101776469	6	green
101776472	12	green
101777538	12	green
101777541	12	green
101778566	12	green
101778590	0	green
101778593	12	green
101778594	12	green
1246405	12	green
1250250	12	green
1250576	12	green
1250602	18	green
1251640	18	green
1254142	6	green
1254354	12	green
1254476	12	green
1256165	12	green
1256322	12	green
1260201	12	green
1260766	0	green
1262533	12	green
1263116	12	green
1264241	24	green
1264464	12	green
1264604	12	green
1266406	0	green
1267175	12	green
1272106	0	green
1273201	12	green
1273304	0	green
1273516	12	green
1275002	12	green
1275332	12	green
1277355	12	green
1300031	0	green
1300217	12	green
1301573	12	green
1301706	0	green
1302422	12	green
1302751	12	green
1303703	12	green
1304110	12	green
1305035	0	green
1305440	12	green
1306016	12	green
1306050	12	green
1306053	12	green
1306665	12	green
1307333	12	green
1310650	12	green
14730560R	12	green
15030100R	12	green
15420200R	12	green
15740290R	12	green
16140410R	12	green
16930290R	12	green
17340520R	0	green
18020010R	24	green
18420110R	0	green
19620690R	12	green
21120500R	0	green
21620870R	12	green
2983306R	12	green
2983335R	0	green
2984688R	6	green
2984690R	0	green
2984705R	12	green
2984715R	0	green
2984726R	12	green
2984727R	6	green
2984761R	0	green
2984771R	12	green
2984779R	12	green
2984816R	12	green
2984829R	0	green
2984852R	24	green
2985062R	12	green
2985080R	12	green
2985087R	0	green
2985088R	12	green
2985091R	12	green
2985093R	12	green
2985099R	12	green
2985108R	0	green
2985109R	0	green
2985110R	0	green
2985111R	12	green
2985112R	12	green
2985113R	12	green
2985115R	0	green
2985120R	0	green
2985121R	0	green
2985124R	0	green
2985125R	0	green
2985126R	0	green
2985127R	12	green
2985128R	12	green
2985134R	12	green
2985138R	12	green
2985158R	12	green
2985176R	12	green
2985179R	18	green
2985190R	12	green
2985191R	0	green
2985192R	12	green
2985193R	12	green
2985194R	24	green
2985195R	12	green
2985196R	0	green
2985199R	12	green
2985213R	0	green
2985214R	0	green
2985236R	12	green
2985248R	0	green
7500663	12	green
7500844	12	green
7501306	12	green
7501984	6	green
7502021	12	green
7502030	12	green
7502039	12	green
7502105	12	green
7502265	12	green
7502320	12	green
7502386	12	green
7502387	12	green
7502510	12	green
7502520	0	green
7502533	12	green
7502536	12	green
7502587	0	green
7502589	0	green
7503051	0	green
7503056	12	green
7503060	12	green
7503062	12	green
7503089	12	green
7503090	12	green
7503323	12	green
7503623	0	green
7505459	12	green
7505563	12	green
7505564	0	green
7505579	0	green
7505668	12	green
7505689	12	green
7505876	0	green
7505881	0	green
7506129	12	green
7506220	12	green
7506743	0	green
7506858	12	green
7506870	12	green
7506897	12	green
7507052	0	green
7507497	12	green
7508397	12	green
7508686	12	green
7509477	0	green
7509572	6	green
7510258	12	green
7511484	12	green
7511540	0	green
7512134	12	green
7512719	12	green
7512895	0	green
7513219	6	green
7513292	12	green
7513587	12	green
7513617	12	green
7513619	0	green
7513702	12	green
7513795	0	green
7600053	12	green
7600076	12	green
7600105	12	green
7600111	12	green
7600115	12	green
7600130	12	green
7600137	12	green
7600545	6	green
7600747	12	green
7601655	0	green
7601744	18	green
7602632	12	green
7602745	12	green
7603128	12	green
7603335	12	green
7603486	18	green
7603509	12	green
7603616	12	green
7603663	12	green
7603729	12	green
7603873	12	green
7604950	12	green
7605074	12	green
7605655	12	green
7605801	0	green
7605818	12	green
7605904	0	green
7605913	12	green
7605941	12	green
7606847	12	green
7606849	12	green
7607091	0	green
7607123	12	green
7607167	12	green
7607910	12	green
7608025	12	green
7608063	12	green
7608076	12	green
7608465	0	green
7608491	12	green
7609331	0	green
7609387	12	green
7609541	0	green
7609576	12	green
7609631	12	green
7609811	12	green
7609829	12	green
7610369	12	green
7610510	12	green
7610512	24	green
7610519	0	green
7610646	12	green
7611109	12	green
7611528	24	green
7611530	12	green
7612148	12	green
7613461	12	green
7613873	12	green
7701756	12	green
7701802	12	green
7701852	0	green
7701859	12	green
7701875	12	green
7701902	12	green
7701953	12	green
7702013	12	green
7702072	24	green
7702118	12	green
7702125	12	green
7702639	12	green
7702986	12	green
7703701	0	green
7703854	12	green
7703893	12	green
7703942	12	green
7703966	12	green
7703976	6	green
7704052	12	green
7704136	12	green
7704218	12	green
7704851	12	green
7704869	12	green
7705085	12	green
7705086	12	green
7705431	12	green
7705432	12	green
7705469	12	green
7705721	12	green
7705865	12	green
7705876	12	green
7705941	12	green
7705978	0	green
7706726	12	green
7706761	12	green
7706787	12	green
7707242	12	green
7707343	18	green
7707449	12	green
7707467	12	green
7707720	12	green
7707904	12	green
7708044	0	green
7708110	12	green
7708170	12	green
7708205	12	green
7708381	12	green
7708433	12	green
7709027	12	green
7801132	12	green
7801231	12	green
7801255	0	green
7801702	24	green
7801723	12	green
7801727	24	green
7801773	12	green
7802221	12	green
7802443	12	green
7802471	12	green
7802620	12	green
7802649	0	green
7802778	12	green
7802871	12	green
7802876	12	green
7802877	0	green
7802879	0	green
7802914	12	green
7803043	0	green
7803146	12	green
7803944	12	green
7804028	12	green
7804127	12	green
7804134	12	green
7805099	0	green
7805336	12	green
7805358	12	green
7805381	0	green
7805421	12	green
7805975	0	green
7805992	0	green
7806016	18	green
7806056	12	green
7806090	12	green
7806107	12	green
7806109	12	green
7806136	12	green
7806519	12	green
7806594	12	green
7806862	18	green
7806864	12	green
7807105	12	green
7807107	12	green
7807205	12	green
7807270	0	green
7807333	12	green
7808448	12	green
7808616	12	green
7808666	0	green
7808754	12	green
7808782	12	green
7808924	12	green
7808986	12	green
7809042	0	green
7809084	0	green
7809375	0	green
7809641	6	green
7809942	12	green
7809992	12	green
7810364	12	green
7900445	12	green
7900587	0	green
7900832	12	green
7901092	0	green
7901143	12	green
7901431	0	green
7902034	12	green
7902060	12	green
7902477	0	green
7902492	12	green
7902782	12	green
7903272	0	green
7903310	12	green
7903311	12	green
7903371	0	green
7903387	12	green
7904187	0	green
7904294	12	green
7904301	12	green
7904614	24	green
7905040	12	green
7905289	12	green
7905298	12	green
7905435	0	green
7905481	12	green
7905527	12	green
7905558	12	green
7905589	12	green
7905731	12	green
7905788	12	green
7905840	12	green
7905907	0	green
7906073	12	green
7906158	12	green
7906240	0	green
7906255	6	green
7906803	0	green
7906882	12	green
7907126	12	green
7907132	12	green
7907612	12	green
7908181	12	green
7908221	0	green
7908424	12	green
7909010	12	green
7909167	0	green
7909235	12	green
7909485	0	green
7909578	12	green
7909584	0	green
7909593	12	green
7909660	12	green
7909766	0	green
7909914	24	green
7910006	12	green
7910017	12	green
7910653	12	green
7910703	12	green
7910920	12	green
7910948	12	green
7911005	12	green
7911226	12	green
7911385	12	green
7911509	12	green
8000029	12	green
8000036	12	green
8000128	12	green
8000150	12	green
8000151	12	green
8000462	12	green
8001906	12	green
8002006	12	green
8002646	12	green
8002742	12	green
8002823	12	green
8002867	12	green
8003002	0	green
8003052	12	green
8003538	12	green
8003603	12	green
8003708	0	green
8003761	12	green
8003807	12	green
8003849	12	green
8004854	12	green
8004872	12	green
8004904	12	green
8004942	0	green
8004944	12	green
8004996	12	green
8005433	12	green
8005585	12	green
8005839	12	green
8006226	12	green
8006258	12	green
8006263	12	green
8006298	12	green
8006324	12	green
8006349	12	green
8006373	12	green
8006431	0	green
8006508	0	green
8006541	12	green
8006808	12	green
8006933	12	green
8006959	12	green
8007161	12	green
8007166	12	green
8007168	12	green
8007859	24	green
8008051	12	green
8008055	12	green
8008281	12	green
8008349	12	green
8008690	12	green
8009022	12	green
8010936	12	green
8010942	0	green
8010948	12	green
8100174	12	green
8100316	12	green
8100437	12	green
8100520	12	green
8100625	0	green
8100809	12	green
8101110	12	green
8101187	12	green
8101294	12	green
8101368	12	green
8102137	12	green
8102140	0	green
8102797	0	green
8102988	0	green
8103046	12	green
8103137	12	green
8103150	12	green
8103156	12	green
8103755	12	green
8104312	12	green
8104825	12	green
8105511	0	green
8105533	12	green
8105534	12	green
8106337	12	green
8106411	12	green
8106454	12	green
8106540	12	green
8108529	12	green
8108948	12	green
8108949	12	green
8109053	12	green
8109073	0	green
8109087	0	green
8109120	12	green
8109361	0	green
8109495	12	green
8109496	12	green
8109498	12	green
8109699	12	green
8109958	12	green
8109978	24	green
8110074	0	green
8110075	12	green
8110297	12	green
8110298	12	green
8111104	12	green
8111117	24	green
8111226	12	green
8111305	12	green
8111343	12	green
8111384	12	green
8112473	12	green
8112566	0	green
8113214	12	green
8113536	12	green
8200291	12	green
8200709	12	green
8200710	0	green
8200911	12	green
8201017	12	green
8203334	12	green
8204468	12	green
8204476	12	green
8204531	12	green
8205036	12	green
8205248	12	green
8205768	12	green
8206428	12	green
8206885	12	green
8207483	12	green
8207540	0	green
8208561	12	green
8208627	12	green
8208664	6	green
8208839	12	green
8210638	12	green
8211469	12	green
8211489	6	green
8211523	0	green
8211545	12	green
8211546	12	green
8211547	12	green
8211617	12	green
8213295	0	green
8213457	12	green
8214119	12	green
8214379	12	green
8214381	0	green
8214845	12	green
8214883	12	green
8214983	12	green
8215016	12	green
8215850	12	green
8215879	12	green
8216186	12	green
8216305	12	green
8216840	12	green
8217190	12	green
8217463	12	green
8218014	12	green
8218602	0	green
8218700	0	green
8219208	0	green
8219232	12	green
8219243	12	green
8219565	12	green
8219702	12	green
8300127	18	green
8300331	12	green
8300869	12	green
8300886	12	green
8301221	12	green
8301365	12	green
8302042	12	green
8302411	0	green
8302490	12	green
8302501	0	green
8302815	12	green
8302946	12	green
8303003	0	green
8303205	12	green
8303326	12	green
8303331	12	green
8303541	0	green
8303585	12	green
8305839	12	green
8305874	12	green
8305899	12	green
8306133	12	green
8306485	18	green
8306569	0	green
8306785	0	green
8306882	12	green
8306883	12	green
8307154	12	green
8307156	12	green
8307268	12	green
8307716	12	green
8308022	12	green
8308647	0	green
8308648	0	green
8308958	12	green
8309140	0	green
8309230	12	green
8309330	12	green
8309333	12	green
8309335	12	green
8309336	12	green
8309337	12	green
8309346	0	green
8309603	12	green
8309633	12	green
8309850	0	green
8309883	12	green
8309919	12	green
8309942	12	green
8310684	12	green
8310780	0	green
8310903	12	green
8401537	0	green
8402040	0	green
8402693	12	green
8402938	12	green
8403490	6	green
8403708	12	green
8404176	12	green
8404726	12	green
8404861	12	green
8405037	0	green
8405117	12	green
8405212	12	green
8405235	12	green
8405303	12	green
8405364	12	green
8405628	12	green
8406214	12	green
8406280	12	green
8406376	0	green
8406412	12	green
8406473	12	green
8406521	12	green
8406611	12	green
8406612	12	green
8406671	12	green
8406799	12	green
8406899	12	green
8407192	12	green
8407742	12	green
8408032	12	green
8408548	12	green
8409340	12	green
8409413	12	green
8409431	12	green
8409436	12	green
8409486	12	green
8409922	0	green
8409970	12	green
8410622	18	green
8410979	12	green
8411341	12	green
8411543	12	green
8411711	12	green
8411723	12	green
8411743	12	green
8411889	12	green
8411927	12	green
8412174	12	green
8412297	12	green
8412849	12	green
8413200	12	green
8500246	12	green
8500513	12	green
8500749	12	green
8500858	12	green
8500875	12	green
8500909	12	green
8501362	12	green
8501389	6	green
8501420	12	green
8501455	0	green
8501498	12	green
8501752	12	green
8501808	0	green
8501884	6	green
8501885	12	green
8502170	12	green
8502262	12	green
8502311	12	green
8502408	12	green
8502536	12	green
8502670	12	green
8502736	12	green
8503123	12	green
8503227	12	green
8503885	12	green
8503886	12	green
8503921	12	green
8504048	12	green
8504356	12	green
8504412	12	green
8504574	12	green
8504629	12	green
8504688	12	green
8504689	12	green
8505177	12	green
8505191	12	green
8505245	12	green
8506292	12	green
8506498	12	green
8506513	12	green
8506639	12	green
8506708	12	green
8506709	0	green
8506887	12	green
8506890	12	green
8506895	12	green
8506960	12	green
8507085	12	green
8507355	0	green
8507389	12	green
8507436	12	green
8507560	12	green
8507720	12	green
8508040	12	green
8508062	12	green
8508113	0	green
8508119	12	green
8508122	12	green
8508176	0	green
8508183	12	green
8508335	12	green
8508350	12	green
8508395	0	green
8508431	12	green
8510094	12	green
8510246	0	green
8510274	12	green
8510280	12	green
8510415	12	green
8510590	12	green
8510679	0	green
8510851	12	green
8510930	12	green
8511078	0	green
8511159	12	green
8511187	12	green
8511258	12	green
8511298	12	green
8511379	12	green
8511904	12	green
8511905	12	green
8601127	12	green
8602702	0	green
8603310	12	green
8603469	12	green
8603596	12	green
8603766	12	green
8604127	0	green
8604171	12	green
8604974	12	green
8605704	12	green
8605731	12	green
8605732	12	green
8605825	12	green
8605826	12	green
8605834	12	green
8605836	12	green
8606068	0	green
8606160	12	green
8606191	12	green
8606502	0	green
8606714	0	green
8606733	12	green
8607003	12	green
8607378	12	green
8607529	12	green
8607637	12	green
8607899	12	green
8607908	12	green
8607909	12	green
8608029	12	green
8608087	12	green
8608459	12	green
8608542	12	green
8609061	12	green
8609169	12	green
8609465	12	green
8609491	12	green
8610224	12	green
8610241	12	green
8610343	12	green
8610344	0	green
8610345	0	green
8610370	12	green
8610391	12	green
8610614	12	green
8610640	12	green
8610642	12	green
8610759	12	green
8610856	12	green
8611087	12	green
8611515	12	green
8611864	12	green
8611877	12	green
8700115	0	green
8700164	12	green
8700166	0	green
8700181	12	green
8700903	0	green
8700909	12	green
8700910	0	green
8701128	0	green
8701186	0	green
8701199	12	green
8701671	0	green
8701680	0	green
8701709	12	green
8701744	12	green
8701858	12	green
8702038	12	green
8702105	12	green
8702459	6	green
8702539	12	green
8702552	12	green
8703089	12	green
8703442	12	green
8703515	12	green
8703516	12	green
8703518	0	green
8703571	12	green
8703737	0	green
8703941	12	green
8703985	12	green
8703986	6	green
8704308	12	green
8704309	12	green
8704517	12	green
8704544	0	green
8704565	12	green
8704771	12	green
8704773	12	green
8704792	24	green
8704895	6	green
8704926	0	green
8706123	0	green
8706257	12	green
8706300	12	green
8706402	12	green
8706645	12	green
8706896	0	green
8707234	12	green
8707812	12	green
8708093	12	green
8708475	12	green
8708534	12	green
8708538	0	green
8708558	12	green
8708560	0	green
8708660	0	green
8708682	12	green
8708728	12	green
8709027	12	green
8709065	12	green
8709115	12	green
8709159	12	green
8709376	0	green
8709473	12	green
8709498	0	green
8709538	12	green
8709551	12	green
8709735	12	green
8709751	12	green
8709766	12	green
8709782	12	green
8710131	18	green
8710213	12	green
8710219	12	green
8710240	12	green
8710358	12	green
8710375	12	green
8710411	12	green
8710425	12	green
8710523	12	green
8710629	12	green
8710631	0	green
8710980	0	green
8711016	12	green
8711562	6	green
8711586	0	green
8711660	6	green
8712028	12	green
8712158	12	green
8712220	12	green
8712260	12	green
8712262	12	green
8712301	0	green
8712411	0	green
8800054	12	green
8800104	12	green
8800109	12	green
8800135	0	green
8800150	12	green
8800478	12	green
8800535	0	green
8800764	12	green
8800805	12	green
8801277	0	green
8801383	12	green
8801384	0	green
8801387	12	green
8801388	12	green
8801552	0	green
8802181	0	green
8802265	0	green
8802365	12	green
8802622	12	green
8802712	12	green
8802730	12	green
8802734	0	green
8803400	12	green
8803460	0	green
8803554	12	green
8803591	12	green
8803676	12	green
8803677	12	green
8803967	12	green
8804069	12	green
8804070	6	green
8804099	0	green
8804206	12	green
8804207	12	green
8804264	12	green
8804297	12	green
8804358	12	green
8804364	12	green
8804476	12	green
8804484	0	green
8804508	12	green
8804532	12	green
8804703	12	green
8804966	12	green
8805008	12	green
8805018	12	green
8805022	0	green
8805125	12	green
8805307	0	green
8805635	12	green
8805644	18	green
8805645	0	green
8805847	12	green
8806104	12	green
8806397	12	green
8806548	12	green
8806591	12	green
8806605	6	green
8806621	12	green
8806653	12	green
8806785	12	green
8806809	0	green
8806914	12	green
8807037	0	green
8807282	0	green
8807334	12	green
8807441	12	green
8807448	12	green
8807705	12	green
8807837	12	green
8807913	0	green
8807983	12	green
8808537	12	green
8809128	12	green
8809160	12	green
8809243	12	green
8809255	0	green
8809257	12	green
8809258	0	green
8809259	24	green
8809320	12	green
8809459	12	green
8809466	0	green
8809602	12	green
8809878	12	green
8809880	12	green
8809954	12	green
8811105	12	green
8811549	0	green
8811625	6	green
8811626	0	green
8812164	12	green
8812166	12	green
8812910	0	green
8813436	12	green
8813912	0	green
8900070	0	green
8900118	12	green
8900208	0	green
8900488	0	green
8900600	0	green
8900945	0	green
8900948	0	green
8900963	12	green
8901229	12	green
8901334	0	green
8901557	12	green
8901623	0	green
8902526	12	green
8902541	12	green
8902615	12	green
8902617	0	green
8902881	0	green
8903034	12	green
8903118	12	green
8903333	12	green
8903774	12	green
8904079	0	green
8904113	0	green
8904127	12	green
8904133	12	green
8904467	0	green
8904486	12	green
8904605	12	green
8904683	12	green
8904840	12	green
8904841	12	green
8904907	6	green
8904931	12	green
8905667	12	green
8906258	12	green
8906319	12	green
8906388	0	green
8906443	12	green
8906641	12	green
8907069	0	green
8907348	12	green
8907422	12	green
8907465	0	green
8907468	12	green
8907826	0	green
8907828	0	green
8908438	12	green
8908516	0	green
8908762	18	green
8908809	12	green
8908862	12	green
8908934	0	green
8909524	12	green
8909729	0	green
8910645	0	green
8910739	12	green
8910747	0	green
8910749	12	green
8910884	12	green
8911335	0	green
8911344	0	green
8911629	12	green
8911831	12	green
8911934	12	green
8912155	12	green
8912329	12	green
8912371	12	green
8912620	12	green
8912686	0	green
8912748	12	green
8912860	12	green
8913178	12	green
8913398	12	green
8913428	12	green
8913461	12	green
8913523	12	green
8914261	12	green
8914274	12	green
8914275	12	green
8914370	12	green
8914574	12	green
8914585	0	green
8914610	12	green
8914669	12	green
8914816	12	green
8914818	12	green
8914819	12	green
8915029	12	green
8915031	12	green
8915233	12	green
8915253	0	green
8915313	12	green
8915377	12	green
8916049	12	green
8916182	12	green
8916436	12	green
8916517	18	green
8916635	12	green
8916799	0	green
8917200	12	green
8917225	12	green
8917250	12	green
8917383	12	green
8917455	12	green
8917470	0	green
8917478	12	green
8917640	12	green
8918110	12	green
8918131	12	green
8918133	12	green
8918173	0	green
9000080	0	green
9000468	12	green
9000850	12	green
9000851	12	green
9000874	12	green
9001289	12	green
9001407	0	green
9001454	12	green
9001516	12	green
9001952	12	green
9002902	12	green
9002928	12	green
9002937	12	green
9002940	12	green
9002991	12	green
9003220	12	green
9004255	12	green
9004494	12	green
9004522	0	green
9004560	0	green
9004580	12	green
9004784	12	green
9005353	12	green
9005373	12	green
9005421	12	green
9005499	0	green
9007261	12	green
9007264	12	green
9007265	12	green
9007329	12	green
9007383	6	green
9007393	12	green
9007422	12	green
9007504	0	green
9007542	0	green
9007735	12	green
9007917	0	green
9007918	0	green
9008004	12	green
9008229	0	green
9008939	12	green
9008950	0	green
9009029	12	green
9009212	0	green
9009288	12	green
9009458	12	green
9009644	12	green
9010000	12	green
9010063	12	green
9010081	12	green
9010218	12	green
9010319	12	green
9010345	12	green
9010410	12	green
9010412	12	green
9010756	12	green
9011043	12	green
9011108	12	green
9011206	12	green
9011255	12	green
9011409	12	green
9011445	12	green
9011485	12	green
9011490	0	green
9012268	12	green
9012472	12	green
9012906	0	green
9012921	0	green
9013016	12	green
9013087	0	green
9013641	12	green
9013819	0	green
9013836	0	green
9014042	12	green
9014475	12	green
9014759	12	green
9015384	24	green
9015440	12	green
9015483	12	green
9015520	12	green
9015668	12	green
9100013	12	green
9100095	12	green
9100105	12	green
9100365	0	green
9100492	12	green
9100527	0	green
9100529	12	green
9100813	12	green
9100823	12	green
9100834	12	green
9100846	12	green
9100851	0	green
9100879	0	green
9100907	0	green
9100916	12	green
9100935	12	green
9100937	0	green
9101000	12	green
9101419	12	green
9101456	12	green
9101496	12	green
9101750	12	green
9102074	12	green
9102136	12	green
9102551	12	green
9102566	0	green
9102703	12	green
9102705	12	green
9102787	12	green
9103030	12	green
9103300	12	green
9103800	0	green
9104021	0	green
9104124	12	green
9104163	0	green
9105195	0	green
9105263	12	green
9105358	0	green
9105713	12	green
9105850	12	green
9106343	12	green
9106549	12	green
9106628	12	green
9106714	12	green
9106718	12	green
9106748	12	green
9107051	12	green
9107334	12	green
9107377	12	green
9107378	12	green
9107463	0	green
9107511	12	green
9107782	12	green
9107784	12	green
9107859	0	green
9108167	12	green
9108337	12	green
9108340	12	green
9109125	12	green
9109126	12	green
9109135	0	green
9109478	12	green
9109564	12	green
9109623	12	green
9109778	12	green
9110208	12	green
9110718	12	green
9110772	0	green
9110829	12	green
9110830	12	green
9110958	12	green
9111075	0	green
9111375	12	green
9111376	12	green
9111390	12	green
9111391	0	green
9111433	0	green
9111470	12	green
9111474	12	green
9111504	12	green
9111626	0	green
9111627	12	green
9111633	12	green
9111820	0	green
9111860	12	green
9111870	12	green
9112448	12	green
9112559	12	green
9112626	12	green
9112672	12	green
9112938	12	green
9113791	0	green
9114088	0	green
9114646	12	green
9114726	0	green
9114774	12	green
9114917	0	green
9114967	0	green
9200019	0	green
9200299	12	green
9200312	12	green
9200331	12	green
9200413	0	green
9200430	12	green
9200436	12	green
9200492	12	green
9200566	12	green
9200608	12	green
9200621	12	green
9200672	12	green
9201340	0	green
9201341	12	green
9201390	0	green
9201927	12	green
9202144	0	green
9202792	12	green
9202814	12	green
9202882	12	green
9202990	0	green
9202994	12	green
9203012	12	green
9203131	0	green
9203213	12	green
9203244	0	green
9203369	12	green
9204109	12	green
9204210	12	green
9204243	12	green
9204265	0	green
9204360	12	green
9204382	0	green
9204583	12	green
9204966	0	green
9205717	12	green
9205811	12	green
9205857	12	green
9205968	12	green
9206090	12	green
9206091	12	green
9206092	0	green
9206148	12	green
9206420	0	green
9206495	12	green
9206498	0	green
9206499	12	green
9206500	0	green
9206575	12	green
9206865	12	green
9207179	12	green
9207282	12	green
9207302	12	green
9207397	12	green
9207852	12	green
9207893	12	green
9207930	0	green
9208097	0	green
9208117	0	green
9208188	12	green
9208369	12	green
9208478	12	green
9208482	0	green
9208508	0	green
9208512	12	green
9208688	12	green
9208821	12	green
9208854	0	green
9208913	0	green
9208958	12	green
9209001	0	green
9209120	12	green
9209612	0	green
9209635	12	green
9210143	12	green
9210257	12	green
9211274	12	green
9211377	12	green
9211652	0	green
9211750	12	green
9211789	12	green
9211867	12	green
9212059	0	green
9212060	12	green
9212242	12	green
9212296	12	green
9212301	12	green
9212352	12	green
9212404	12	green
9212457	0	green
9213011	12	green
9214441	12	green
9214478	12	green
9214524	12	green
9214757	0	green
9214933	0	green
9215429	12	green
9215446	12	green
9215515	0	green
9216037	12	green
9216162	12	green
9216781	0	green
9216904	0	green
9300756	12	green
9300837	12	green
9300903	12	green
9300904	12	green
9301157	12	green
9301182	12	green
9301275	12	green
9301454	0	green
9301549	12	green
9301947	12	green
9301979	12	green
9301980	12	green
9302235	6	green
9302532	12	green
9302888	12	green
9302957	12	green
9303140	12	green
9303579	12	green
9303678	0	green
9303753	12	green
9303945	12	green
9304117	0	green
9304118	12	green
9304400	12	green
9304420	12	green
9304532	12	green
9304686	12	green
9305245	6	green
9305697	12	green
9305903	12	green
9305929	0	green
9306042	6	green
9306050	12	green
9306156	12	green
9306181	18	green
9306253	12	green
9306292	12	green
9306331	12	green
9306359	12	green
9306405	12	green
9306503	0	green
9306780	12	green
9306822	12	green
9306862	12	green
9306921	12	green
9306979	12	green
9307129	12	green
9307690	6	green
9307844	12	green
9308247	0	green
9308271	0	green
9308427	12	green
9308777	0	green
9308895	0	green
9308945	24	green
9309004	12	green
9309124	0	green
9309208	0	green
9309551	0	green
9309609	12	green
9309668	12	green
9309923	12	green
9310752	12	green
9310896	12	green
9310916	12	green
9310939	12	green
9312169	12	green
9312325	12	green
9312476	12	green
9312666	12	green
9312706	12	green
9312707	12	green
9312789	12	green
9312850	12	green
9313276	12	green
9313451	12	green
9313452	12	green
9314590	0	green
9314730	12	green
9314927	0	green
9315133	12	green
9315161	12	green
9315240	0	green
9315513	0	green
9315583	6	green
9315689	6	green
9317982	0	green
9318481	0	green
9318488	12	green
9318902	12	green
9319162	12	green
9413298	12	green
9414907	12	green
9415084	12	green
9415639	0	green
9416196	12	green
9416830	12	green
9417024	12	green
9417080	0	green
9417468	12	green
9417471	0	green
9418292	0	green
9418450	12	green
9418515	0	green
9419065	0	green
9419066	0	green
9420840	12	green
9421087	12	green
9421097	12	green
9421297	0	green
9421356	12	green
9421525	6	green
9421530	12	green
9421547	12	green
9421549	12	green
9421564	12	green
9421567	0	green
9421642	12	green
9422688	12	green
9422753	12	green
9422756	6	green
9422759	0	green
9422762	12	green
9422763	0	green
9422792	0	green
9423515	12	green
9423533	12	green
9423534	12	green
9423827	0	green
9423843	12	green
9423846	12	green
9423848	0	green
9423872	12	green
9424566	0	green
9425208	0	green
9425531	12	green
9425763	6	green
9425873	12	green
9425991	12	green
9426182	0	green
9426187	12	green
9426302	12	green
9426426	0	green
9427222	0	green
9430468	0	green
9430794	12	green
9430798	12	green
9430800	12	green
9430802	12	green
9430925	12	green
9431219	0	green
9431220	12	green
9431227	12	green
9431305	12	green
9431308	12	green
9431380	12	green
9431738	12	green
9431858	12	green
9431859	12	green
9431861	0	green
9431867	12	green
9432230	6	green
9432537	12	green
9432572	12	green
9432592	12	green
9432918	12	green
9432922	12	green
9433248	0	green
9433332	0	green
9433352	12	green
9433353	12	green
9433356	0	green
9433357	0	green
9433358	0	green
9433359	0	green
9433361	0	green
9433802	12	green
9433812	12	green
9433814	0	green
9433869	0	green
9434021	0	green
9434197	12	green
9434444	12	green
9434456	12	green
9434628	12	green
9434935	12	green
9435512	12	green
9435608	12	green
9435672	12	green
9435674	12	green
9435678	12	green
9435679	12	green
9435680	12	green
9435953	0	green
9436057	12	green
9436481	0	green
9436705	12	green
9436968	0	green
9436977	12	green
9437093	0	green
9437094	0	green
9437431	0	green
9437432	0	green
9437445	6	green
9437794	12	green
9438285	12	green
9438457	0	green
9438793	12	green
9438794	12	green
9439510	12	green
9439514	12	green
9439750	12	green
9440156	12	green
9440159	12	green
9440237	6	green
9440382	0	green
9440471	0	green
9440588	12	green
9440679	0	green
9441330	12	green
9441347	12	green
9441351	12	green
9441434	6	green
9441769	12	green
9442138	12	green
9442482	12	green
9442916	12	green
9500169	0	green
9501023	0	green
9501229	0	green
9501297	0	green
9502015	0	green
9502018	12	green
9502210	12	green
9502498	0	green
9502500	12	green
9502503	0	green
9502837	12	green
9502838	0	green
9502920	0	green
9502924	12	green
9503023	12	green
9503111	12	green
9503417	0	green
9503580	12	green
9503759	0	green
9503760	0	green
9503761	0	green
9503763	12	green
9503765	12	green
9504368	12	green
9504370	12	green
9504371	12	green
9504451	12	green
9504452	12	green
9504453	12	green
9504454	12	green
9504563	12	green
9504688	12	green
9504817	12	green
9504818	12	green
9504819	0	green
9505022	12	green
9505185	12	green
9505213	12	green
9505216	12	green
9505220	12	green
9505539	12	green
9505803	6	green
9505881	12	green
9505926	12	green
9505927	12	green
9505928	12	green
9506215	12	green
9506308	0	green
9506309	12	green
9506311	12	green
9506663	12	green
9506702	0	green
9506704	0	green
9506762	0	green
9506850	0	green
9507088	0	green
9507418	0	green
9507598	0	green
9507614	12	green
9507618	0	green
9508123	12	green
9508125	0	green
9508155	0	green
9508160	12	green
9508162	12	green
9508166	12	green
9508274	12	green
9508482	12	green
9508483	12	green
9508563	12	green
9508565	12	green
9508567	0	green
9508900	12	green
9508901	12	green
9509184	12	green
9509185	0	green
9509333	12	green
9509432	12	green
9509932	12	green
9510056	0	green
9510067	18	green
9510153	12	green
9511091	0	green
9511366	0	green
9511372	0	green
9511374	12	green
9511375	24	green
9512496	0	green
9512509	0	green
9512515	12	green
9512728	12	green
9512997	12	green
9513102	12	green
9513551	6	green
9513566	0	green
9513581	0	green
9513583	12	green
9513710	12	green
9513783	12	green
9514582	12	green
9516061	12	green
9516228	12	green
9516348	12	green
9516416	6	green
9516419	12	green
9516420	12	green
9516534	12	green
9516979	0	green
9517857	0	green
9518021	6	green
9518034	12	green
9518037	12	green
9601800	0	green
9601804	12	green
9602087	0	green
9602153	12	green
9602487	6	green
9602533	12	green
9602611	12	green
9602617	0	green
9602869	0	green
9604099	12	green
9604100	18	green
9604102	12	green
9604391	12	green
9604503	12	green
9604507	0	green
9604648	0	green
9604934	12	green
9604935	12	green
9604936	0	green
9604937	12	green
9605408	0	green
9605409	12	green
9605411	12	green
9605853	0	green
9606000	12	green
9606438	12	green
9606526	12	green
9606928	0	green
9606930	0	green
9607037	12	green
9607101	0	green
9607225	0	green
9607332	12	green
9607379	12	green
9607427	0	green
9607443	0	green
9607599	12	green
9607601	12	green
9607688	0	green
9607835	6	green
9607837	0	green
9607880	0	green
9608374	12	green
9608375	12	green
9608387	0	green
9609059	12	green
9609064	12	green
9609066	12	green
9609647	12	green
9609749	6	green
9610305	0	green
9610505	0	green
9610507	12	green
9610576	12	green
9610769	12	green
9610774	12	green
9610836	0	green
9610837	18	green
9610838	12	green
9610925	12	green
9610930	0	green
9610932	12	green
9610933	0	green
9610936	0	green
9611095	0	green
9612020	12	green
9612021	12	green
9612022	12	green
9612305	18	green
9612306	12	green
9612481	12	green
9612485	0	green
9612501	0	green
9612504	0	green
9612761	6	green
9612996	12	green
9613264	12	green
9613595	0	green
9613603	0	green
9613614	12	green
9613615	12	green
9613616	12	green
9614434	12	green
9614685	0	green
9615073	12	green
9615568	12	green
9615686	0	green
9616159	12	green
9616295	12	green
9616296	0	green
9616320	0	green
9616322	12	green
9616326	12	green
9616368	12	green
9617311	12	green
9617529	0	green
9700068	12	green
9700070	12	green
9700112	12	green
9701104	0	green
9701934	12	green
9702085	12	green
9702341	12	green
9702877	0	green
9703164	0	green
9703165	12	green
9703530	12	green
9703616	0	green
9704532	12	green
9704676	12	green
9704962	0	green
9704963	12	green
9705200	0	green
9705305	12	green
9705402	12	green
9705544	0	green
9705610	0	green
9705773	12	green
9705947	0	green
9706083	12	green
9706084	12	green
9706087	0	green
9706280	12	green
9706281	12	green
9706284	0	green
9706293	0	green
9706297	0	green
9706389	6	green
9706653	0	green
9706854	12	green
9707113	12	green
9707115	12	green
9707469	12	green
9707935	12	green
9708119	0	green
9708216	12	green
9708377	0	green
9708388	0	green
9708436	0	green
9708549	12	green
9708669	12	green
9708816	12	green
9708966	12	green
9709118	12	green
9709206	0	green
9709307	12	green
9709509	12	green
9709714	12	green
9709920	18	green
9709923	12	green
9710002	12	green
9710011	12	green
9711057	12	green
9711270	0	green
9711272	12	green
9711805	0	green
9712127	12	green
9712129	12	green
9712132	12	green
9712133	12	green
9712381	12	green
9712383	12	green
9712707	0	green
9712714	12	green
9713056	0	green
9713484	12	green
9713490	12	green
9713494	0	green
9713497	12	green
9715168	12	green
9715169	12	green
9715279	12	green
9715672	12	green
9715779	12	green
9716237	12	green
9716507	12	green
9716531	12	green
9716844	0	green
9717231	12	green
9717383	12	green
9717388	12	green
9717520	12	green
9800465	0	green
9800503	12	green
9800943	12	green
9801717	0	green
9801774	12	green
9801902	0	green
9802571	12	green
9802574	12	green
9802575	0	green
9802627	12	green
9802899	12	green
9803529	12	green
9803531	12	green
9803709	12	green
9804159	12	green
9804161	12	green
9804399	12	green
9804404	12	green
9804508	0	green
9804678	12	green
9805378	12	green
9805456	12	green
9805460	12	green
9805461	12	green
9805554	0	green
9806096	12	green
9806306	12	green
9806357	12	green
9806360	0	green
9806362	12	green
9806488	12	green
9806550	0	green
9806569	12	green
9806675	12	green
9806853	12	green
9807281	0	green
9807630	0	green
9807947	12	green
9808008	6	green
9808210	0	green
9808212	12	green
9808285	12	green
9808462	0	green
9808463	0	green
9808648	12	green
9808649	12	green
9808650	0	green
9808874	12	green
9808943	12	green
9808944	12	green
9809671	0	green
9809673	0	green
9809909	12	green
9810948	6	green
9810955	6	green
9810959	12	green
9811312	12	green
9812509	12	green
9812512	0	green
9812551	12	green
9812552	0	green
9812598	12	green
9812937	0	green
9814314	12	green
9814320	12	green
9814573	12	green
9814574	12	green
9814575	12	green
9814578	12	green
9814863	0	green
9815056	12	green
9815334	0	green
9815369	12	green
9815616	0	green
9815620	0	green
9815628	12	green
9815642	0	green
9815648	12	green
9815649	12	green
9815657	12	green
9815663	12	green
9815671	12	green
9815683	12	green
9815705	0	green
9815751	12	green
9815755	6	green
9815758	0	green
9815764	12	green
9815827	0	green
9815835	12	green
9815893	0	green
9815900	12	green
9815902	0	green
9815926	0	green
9815944	12	green
9815947	0	green
9815987	0	green
9816585	0	green
9878362	12	green
9879497	0	green
9880575	12	green
9880970	12	green
9881057	12	green
9881064	0	green
9881188	12	green
9881869	0	green
9882015	12	green
9882059	12	green
9882301	12	green
9882449	12	green
9882600	12	green
9882735	0	green
9882736	12	green
9882809	0	green
9882884	12	green
9882886	12	green
9882895	12	green
9882906	12	green
9882935	12	green
9884362	12	green
9884939	12	green
9885358	12	green
9885956	12	green
9885960	0	green
9886009	18	green
9886167	12	green
9886191	0	green
9887853	12	green
9888239	12	green
9888746	12	green
9888878	0	green
9889523	12	green
9889534	0	green
9889808	12	green
9889915	12	green
9890299	12	green
9890903	12	green
9891002	12	green
9891704	0	green
9892255	0	green
9918227368306676	6	green
9918266300206676	6	green
