NlmUniqueID	sherpa_id	sherpa_has_oa_path
9015384	1406	yes
101269322	10921	yes
101223209	16180	yes
100960111	16179	yes
101674571	35942	yes
9418450	6769	yes
8904605	10295	yes
8917200	27949	yes
0157313	7760	yes
9100813	288	yes
101729147	39490	yes
101504991	7761	yes
101654670	31995	yes
101282906	7762	yes
101525337	7763	yes
101654580	30804	yes
101574672	21294	yes
101313589	7765	yes
101669031	38411	yes
101575075	21296	yes
0370270	6770	yes
14520300R	30716	yes
101233144	172	yes
0421520	11753	yes
101247110	36687	yes
0370571	33499	yes
0370306	6326	yes
9425483	41203	yes
101620182	29901	yes
101609037	29902	yes
101620313	29903	yes
101676043	35453	yes
101620319	26674	yes
0370307	19886	yes
0370310	13690	yes
9200299	11754	yes
0141053	8971	yes
7906803	21341	yes
9705947	39095	yes
9434021	2090	yes
0151000	11780	yes
0247035	23430	yes
0370336	11840	yes
0412041	7403	yes
101610673	26209	yes
9612501	24382	yes
0370343	6772	yes
0370344	753	yes
8709065	754	yes
101468102	6778	yes
101231512	42998	yes
0370354	756	yes
101770938	21417	yes
9205968	6773	yes
9301947	26384	yes
9303678	26385	yes
100956087	7593	yes
101262545	3790	yes
0370364	11850	yes
8706123	6779	yes
8406376	2094	yes
0370400	2203	yes
0370401	43191	yes
101771154	21418	yes
9304117	1662	yes
8701671	12245	yes
9604935	872	yes
101316917	20869	yes
9304118	6774	yes
101567863	21814	yes
8914574	16472	yes
101775319	39538	yes
8710523	1732	yes
9612021	16364	yes
101581613	21321	yes
9885358	229	yes
101125644	8705	yes
101540874	25273	yes
100913944	7389	yes
101697329	41771	yes
101734172	35191	yes
101664569	31051	yes
100911021	8707	yes
8611864	16365	yes
101590593	37035	yes
9707469	193	yes
7701756	16219	yes
101146510	12171	yes
101255062	1910	yes
101520860	19569	yes
0375655	1334	yes
101128963	10457	yes
7502265	13815	yes
101508617	25549	yes
101130839	80	yes
101132995	27957	yes
9808210	1008	yes
9705773	4914	yes
8710219	8709	yes
9712133	17044	yes
8915313	42145	yes
9607225	146	yes
8709376	1308	yes
101237921	21402	yes
8003708	10301	yes
101631047	42146	yes
101518076	291	yes
8310684	1335	yes
7707242	6825	yes
8707234	81	yes
0370073	4858	yes
9616296	3673	yes
7804028	3704	yes
8110074	7204	yes
100953980	30707	yes
101231978	10547	yes
101511643	2394	yes
0414670	13789	yes
9208821	771	yes
101082834	6419	yes
9114917	14533	yes
100898738	6161	yes
101770171	4677	yes
0370467	24607	yes
100967755	18247	yes
7901431	9765	yes
100895290	18248	yes
0376027	6233	yes
0370470	30983	yes
0364535	14336	yes
9211547	10922	yes
7911005	8939	yes
7502510	1009	yes
8309942	4725	yes
7910653	317	yes
8108948	8940	yes
0421030	24272	yes
9309609	8941	yes
9602338	6212	yes
8701680	10305	yes
9503023	13505	yes
7610369	4669	yes
9008229	198	yes
8915029	4671	yes
0370475	6578	yes
8803676	1621	yes
8101110	4672	yes
101492916	11086	yes
7509572	38516	yes
9613960	14665	yes
101235741	4673	yes
101235742	4674	yes
101235745	4675	yes
9300756	6420	yes
0370506	8943	yes
101287723	6421	yes
8109361	8972	yes
0372646	8713	yes
7705978	11539	yes
0400640	29535	yes
0370502	10325	yes
8405212	10703	yes
0372650	43226	yes
8803677	8714	yes
100901225	7390	yes
100901226	23789	yes
100901227	7392	yes
100901228	7393	yes
100901229	7394	yes
100901230	7395	yes
100901990	7396	yes
8108949	4690	yes
0370512	9895	yes
0372630	8298	yes
0110672	41888	yes
1254074	10303	yes
8912860	2496	yes
8917225	14956	yes
9421642	14955	yes
9114726	14535	yes
7609541	9502	yes
7707904	8942	yes
9441347	8715	yes
100968638	4691	yes
0370507	10299	yes
0375011	15055	yes
2984688R	14504	yes
0370521	3404	yes
101649265	36998	yes
0364220	15697	yes
14730560R	1019	yes
9200312	17056	yes
9433802	761	yes
101765626	35911	yes
101652401	31870	yes
0342017	14328	yes
0370524	7597	yes
101134327	7407	yes
0370536	7775	yes
101519733	17997	yes
8511078	28304	yes
0372652	17995	yes
9109478	10758	yes
7704218	2454	yes
101292775	13916	yes
101392205	7598	yes
101154140	13384	yes
0423506	2455	yes
101585129	23015	yes
1310650	8716	yes
101273663	4728	yes
1300217	8717	yes
0370543	1320	yes
9814575	16374	yes
0203706	201	yes
9011409	4930	yes
9814573	7409	yes
8605704	3615	yes
101083072	1409	yes
100956805	3675	yes
101303270	1535	yes
101231417	1978	yes
101600811	14957	yes
8510246	13071	yes
2984690R	41835	yes
0361512	15673	yes
0372347	310	yes
9815987	1979	yes
0324055	11939	yes
101152152	21679	yes
101623278	25923	yes
7702013	10412	yes
8406611	15674	yes
101167762	13522	yes
101620864	35135	yes
9107334	7835	yes
0404024	763	yes
0416661	83	yes
7708044	24910	yes
0372351	10308	yes
8906388	764	yes
7506858	7600	yes
7707449	7599	yes
9607443	14539	yes
8913398	13072	yes
8105511	8976	yes
9007735	314	yes
0407300	41638	yes
101585484	38132	yes
8106337	10413	yes
2985176R	10414	yes
7805336	32795	yes
7506860	14929	yes
101536246	11681	yes
0372355	1663	yes
8507355	1980	yes
0372361	4933	yes
0372354	8719	yes
9420840	15678	yes
9703158	42677	yes
8703941	10584	yes
101698454	36551	yes
101508602	11604	yes
101614024	27642	yes
2985150R	11606	yes
9600627	11665	yes
101574034	11666	yes
101235325	11667	yes
0372367	11672	yes
101561951	11676	yes
0117605	11677	yes
100911346	11678	yes
8309206	11679	yes
2985151R	11688	yes
0372370	11689	yes
7804039	11690	yes
8209988	11692	yes
101275111	11693	yes
7607088	11694	yes
15040080R	11695	yes
0370600	11696	yes
0372373	11697	yes
101140127	11698	yes
0372374	11700	yes
8006431	11701	yes
101625721	27645	yes
101660822	43027	yes
7809992	8706	yes
0372377	277	yes
9709920	4937	yes
101265649	1969	yes
9100823	8720	yes
8102988	14994	yes
101462262	32037	yes
0315061	6213	yes
101585411	22870	yes
100888899	148	yes
9009212	35144	yes
9815705	12718	yes
0372625	17059	yes
9212242	4938	yes
101086634	3767	yes
0372403	11122	yes
8803400	7605	yes
9712129	17060	yes
8208561	11763	yes
101537732	13327	yes
7605801	6214	yes
101150314	28046	yes
100888796	8721	yes
8406612	7841	yes
101584082	37808	yes
101584990	21627	yes
8901557	4730	yes
101264333	10122	yes
101502957	3617	yes
9712383	11770	yes
9306253	12443	yes
0372406	13350	yes
8500246	15852	yes
101298363	13734	yes
101222433	4954	yes
0372430	11269	yes
0354720	28923	yes
101465655	10418	yes
9004255	1336	yes
8000462	7851	yes
0372434	1664	yes
101220684	36895	yes
9501297	36672	yes
0357245	11811	yes
101282564	33104	yes
8710213	7852	yes
0114365	15619	yes
8501752	13817	yes
9308247	25321	yes
1260766	32721	yes
0410427	7853	yes
9011043	7854	yes
101318988	11812	yes
7607091	15040	yes
9421356	28921	yes
0330167	1323	yes
8000036	11813	yes
9510153	765	yes
1273516	11814	yes
9504451	4956	yes
0417615	7855	yes
7506870	11816	yes
9815663	11817	yes
101142614	3052	yes
0373100	41196	yes
9918402287906676	41350	yes
9505803	4070	yes
101518086	18515	yes
101154438	2397	yes
101623795	27273	yes
101594777	36635	yes
8915031	12586	yes
9433814	9771	yes
7802778	14540	yes
101476585	4960	yes
9204109	8725	yes
101241430	87	yes
101583622	22833	yes
8708538	6432	yes
101506757	88	yes
9503417	6425	yes
100942132	1622	yes
101506753	851	yes
8900600	12466	yes
101507115	15027	yes
101151468	149	yes
9431219	6436	yes
8917250	4976	yes
101088083	150	yes
9111075	28925	yes
9312707	4734	yes
100901315	4980	yes
101495384	27540	yes
9606930	8977	yes
8504574	767	yes
9207852	16732	yes
0370612	4746	yes
100888004	4748	yes
8214381	7667	yes
101123037	7671	yes
9305903	3741	yes
0001027	3771	yes
0111052	22297	yes
9611095	4745	yes
15420200R	6789	yes
0370616	6790	yes
101727782	35727	yes
9808874	4720	yes
0135232	4719	yes
9613603	22296	yes
9713494	6430	yes
101461858	230	yes
101128967	15165	yes
8900070	770	yes
101265188	12082	yes
8210638	4996	yes
101208422	3762	yes
0360342	7863	yes
101245751	2400	yes
7808666	1419	yes
9418292	1420	yes
0251711	16375	yes
8804264	15284	yes
7803043	6431	yes
8914585	31332	yes
8302411	3406	yes
9013016	8726	yes
7703854	16065	yes
101244316	13117	yes
0372477	16735	yes
8404861	464	yes
101149327	5000	yes
101507616	10358	yes
7909914	1328	yes
101631218	30190	yes
101512484	14575	yes
8606068	10123	yes
0126611	16117	yes
2984726R	15028	yes
9610305	40227	yes
100970605	875	yes
7506897	15030	yes
0370623	7766	yes
0376536	6361	yes
9806362	12436	yes
9010319	7767	yes
9100834	16120	yes
101500303	5005	yes
9705305	18253	yes
8008281	13818	yes
8510851	14547	yes
8704792	132	yes
101521964	11316	yes
8807441	3620	yes
9200331	5006	yes
100930043	16123	yes
9808944	242	yes
101292902	11251	yes
101275679	27543	yes
101544020	11144	yes
8108529	21747	yes
9700112	390	yes
7502533	7866	yes
101258412	2402	yes
101738236	38648	yes
101247722	11597	yes
101578018	24908	yes
0375566	15493	yes
0207224	13577	yes
9308271	35217	yes
9815758	6433	yes
0414576	6829	yes
101548963	18501	yes
7911509	15646	yes
7708048	1510	yes
100892849	7768	yes
101312535	12291	yes
9606000	773	yes
9918383886206676	41584	yes
101593571	35575	yes
101135325	7868	yes
8610241	3707	yes
101147518	2403	yes
8909524	12527	yes
101285195	11252	yes
9104021	1798	yes
100887374	16129	yes
101675002	31196	yes
101600173	31010	yes
1262533	36379	yes
9208478	16130	yes
0370625	3621	yes
9918522188506676	29978	yes
101518829	391	yes
101472371	16131	yes
101596414	18595	yes
1303703	11274	yes
7911226	3708	yes
0403171	12809	yes
0370626	11359	yes
0372525	19011	yes
101507284	1310	yes
101088505	7870	yes
0372526	1799	yes
9205717	41230	yes
8102797	15032	yes
101609191	18596	yes
100897327	244	yes
9107378	806	yes
8306785	34747	yes
8403708	15500	yes
8609465	15034	yes
7502021	14548	yes
8510274	24932	yes
101265833	1934	yes
8008051	16135	yes
8506292	3083	yes
100883596	11852	yes
8302042	14549	yes
101701004	32991	yes
100935741	7615	yes
101722685	36574	yes
100886721	3622	yes
7603509	13507	yes
101568469	18479	yes
9102551	8728	yes
9301454	807	yes
9606438	8729	yes
8402040	8978	yes
8708558	15166	yes
100968535	2406	yes
100965194	2207	yes
101190720	2408	yes
101088663	2409	yes
100967800	2411	yes
100968539	2412	yes
101775613	2424	yes
100968543	2422	yes
101088676	2423	yes
100968547	2426	yes
101775394	2427	yes
100965258	2428	yes
100968548	2429	yes
101088677	2430	yes
100966980	2431	yes
100968551	2432	yes
101190723	2442	yes
101088679	2434	yes
101088680	2435	yes
101319628	41726	yes
100968553	2438	yes
101088682	2439	yes
100968545	2441	yes
100966981	2443	yes
101741148	2413	yes
100968565	2445	yes
100967793	2446	yes
100968555	2447	yes
100966986	2448	yes
100967802	2450	yes
101088684	2451	yes
101088685	2452	yes
100967804	2470	yes
101590449	23396	yes
100967807	2473	yes
100967799	2474	yes
9918300889006676	42245	yes
100968559	2476	yes
101627676	26217	yes
100968562	2477	yes
100968563	2478	yes
101462768	2479	yes
100968567	2481	yes
100968571	2483	yes
101249759	2484	yes
101088690	2485	yes
101526291	1665	yes
101719009	1853	yes
101685275	32947	yes
101745500	36817	yes
101757339	35176	yes
101761581	36814	yes
101552874	17945	yes
101641391	27124	yes
101660690	27125	yes
101714806	36894	yes
101710381	35139	yes
101638061	27127	yes
101715309	33239	yes
101546984	18937	yes
101715577	35442	yes
101565123	19365	yes
101222431	16033	yes
101599229	24357	yes
8702459	24276	yes
7513219	1626	yes
0372541	1338	yes
0370635	1627	yes
7503323	6830	yes
8105533	18404	yes
9815827	12196	yes
0004041	7617	yes
8308022	18406	yes
0370636	18407	yes
9005323	23130	yes
0372544	133	yes
9605409	18408	yes
0144554	2199	yes
101257109	12199	yes
0004047	18410	yes
8800054	809	yes
9212059	12202	yes
0372547	1428	yes
0421041	1666	yes
7502536	6832	yes
0342367	57	yes
0373124	18405	yes
0373125	13754	yes
8105534	18409	yes
0373126	7620	yes
0432520	1667	yes
0372553	3711	yes
0376542	247	yes
15740290R	5019	yes
101137600	16738	yes
0372537	1339	yes
101570837	20793	yes
0151620	8979	yes
8218014	12475	yes
101550313	19579	yes
101300405	16391	yes
8710358	808	yes
7506220	12477	yes
9216781	3623	yes
101282001	7872	yes
8903034	16392	yes
9716507	16393	yes
101615124	35734	yes
100888201	16202	yes
100927353	2486	yes
8111104	16203	yes
8801277	1800	yes
9505539	15250	yes
101260777	19580	yes
100912837	22797	yes
101528229	16032	yes
0072416	8534	yes
2984715R	1432	yes
0046021	11836	yes
0372557	11837	yes
0141233	8567	yes
0401404	11842	yes
7507052	6379	yes
101181368	2130	yes
0370647	6833	yes
7905481	13386	yes
9208482	1539	yes
0120300	41320	yes
8708560	1542	yes
8701709	14831	yes
8510280	23831	yes
9315513	3408	yes
101623613	31328	yes
0372707	10131	yes
0415227	28399	yes
0406021	14979	yes
0045312	20590	yes
0372712	10133	yes
7904187	14331	yes
0372714	14334	yes
0372715	13678	yes
9433332	31330	yes
101320224	7627	yes
0374236	6835	yes
101137842	12086	yes
101256509	1802	yes
9100846	16204	yes
101130617	6579	yes
7806519	7879	yes
101723675	35195	yes
101499453	6836	yes
101561693	19762	yes
9200608	14556	yes
9432230	24204	yes
101539150	18463	yes
101188791	14995	yes
101172931	35196	yes
8605732	7880	yes
101614637	29487	yes
8307154	775	yes
100931981	8944	yes
7600053	12488	yes
101595310	23152	yes
8605731	15794	yes
7805358	8730	yes
101479409	14557	yes
9711272	28936	yes
101747728	35448	yes
2984705R	14558	yes
101168776	3677	yes
7502030	4735	yes
101684827	31031	yes
8307156	16540	yes
0043535	16740	yes
8008055	249	yes
101549998	4736	yes
8300331	4737	yes
9304686	8731	yes
9200019	1543	yes
1266406	8981	yes
101554863	19887	yes
101147637	2489	yes
8712220	16402	yes
101531846	16404	yes
101266881	1971	yes
101269160	32039	yes
101522043	16405	yes
8003538	16401	yes
0077427	321	yes
101238551	12588	yes
101319630	136	yes
101135818	15647	yes
101159952	2502	yes
0103374	8982	yes
101518378	6448	yes
100884139	13822	yes
101269039	11747	yes
0413066	6580	yes
101469464	12087	yes
9701934	12979	yes
8305874	3714	yes
9307129	11154	yes
8506639	13015	yes
101676030	42514	yes
101170464	2503	yes
101137841	12088	yes
9437445	24236	yes
101524092	1630	yes
101302316	6581	yes
1246405	15130	yes
101233170	6582	yes
9607427	35234	yes
101648302	31048	yes
101242872	24238	yes
9705402	15206	yes
8200709	13016	yes
101552938	28270	yes
9105195	137	yes
101573691	21835	yes
101766894	41066	yes
101528176	153	yes
9425763	24237	yes
101311472	6583	yes
9610925	15204	yes
100965121	15203	yes
0417625	7883	yes
9208854	12314	yes
101600052	22267	yes
101775611	41208	yes
100883360	8988	yes
101636244	35966	yes
101269163	3888	yes
8200710	6449	yes
9110718	250	yes
101089443	6162	yes
9100851	8990	yes
101577885	25129	yes
101321614	12089	yes
100971574	9866	yes
101294643	1526	yes
101197449	3796	yes
101262549	11854	yes
9610838	18003	yes
0067206	12811	yes
101085550	6659	yes
8807448	7769	yes
2985134R	7770	yes
8217190	251	yes
0335405	18005	yes
100937360	1459	yes
9513783	1518	yes
101594811	21323	yes
101259013	1533	yes
0144731	8991	yes
100954211	1588	yes
101580948	21324	yes
101319536	1587	yes
0231335	11088	yes
101142157	7628	yes
9313451	4738	yes
7602632	2459	yes
0372725	6839	yes
9602869	6451	yes
9512515	1201	yes
101542497	1471	yes
1275332	15772	yes
8503227	7884	yes
101181180	13073	yes
101504416	12589	yes
100886162	13721	yes
9112559	13722	yes
8914261	13823	yes
101551481	19013	yes
2985138R	7886	yes
9313452	16474	yes
101197408	986	yes
101253019	985	yes
8501362	810	yes
101771152	21836	yes
101474365	8734	yes
101479935	4076	yes
101489148	8738	yes
101714113	35077	yes
0147763	8733	yes
100893237	41575	yes
9881057	6841	yes
9102566	31202	yes
9810959	777	yes
8809128	13824	yes
9508125	9064	yes
9106549	7890	yes
100898731	20471	yes
9502500	14559	yes
7903272	14551	yes
9421549	207	yes
9806306	36384	yes
7907612	4750	yes
9807947	11920	yes
9604507	212	yes
1302422	15137	yes
101120693	20472	yes
9504817	18254	yes
9207893	8741	yes
101213033	22298	yes
0346653	11756	yes
101516977	21406	yes
8906443	141	yes
101692332	31653	yes
7606847	7630	yes
9305929	778	yes
0057202	475	yes
100973405	11916	yes
8409970	28181	yes
9709923	11918	yes
100896531	18793	yes
8703442	7631	yes
0425076	140	yes
0253664	11855	yes
101260955	20473	yes
8603766	4751	yes
8300869	5051	yes
9709206	1806	yes
8911831	15532	yes
100888977	14552	yes
9203213	3837	yes
101273480	9591	yes
9208512	19918	yes
101271570	10323	yes
101477246	11921	yes
9705336	32825	yes
8507389	8945	yes
9103300	8742	yes
8100174	4752	yes
8802622	811	yes
9710002	4753	yes
100893225	20474	yes
9516420	876	yes
8807282	6216	yes
0364441	15107	yes
8214420	15108	yes
7607910	8743	yes
8806548	21570	yes
101526693	11922	yes
7611109	8744	yes
9208508	9066	yes
8709115	8745	yes
101654592	38402	yes
101560587	18794	yes
0070014	8746	yes
9105713	11856	yes
9707115	7892	yes
0075674	11928	yes
101247023	144	yes
0372606	9067	yes
7501306	4754	yes
7606849	18255	yes
101572899	20980	yes
0372741	1636	yes
101137604	3791	yes
0424767	4755	yes
8604974	4756	yes
9416196	3718	yes
8111117	15169	yes
1306016	4743	yes
8802181	9068	yes
101264123	7893	yes
101315570	41083	yes
9504368	11951	yes
8211469	11953	yes
7905731	15038	yes
101675083	32773	yes
8112473	4757	yes
101227511	15810	yes
7706726	15540	yes
101241654	828	yes
101532142	1635	yes
101597971	24284	yes
101247119	11919	yes
101474067	14550	yes
8710240	11857	yes
101197451	9069	yes
9711805	32008	yes
101620603	35520	yes
9431220	18256	yes
101269155	3889	yes
101473265	2460	yes
101594668	25351	yes
9702877	24455	yes
101121166	1028	yes
100909747	7931	yes
101083946	13118	yes
101143317	5057	yes
8710375	1202	yes
9713497	14031	yes
8411889	1204	yes
101518151	14033	yes
101177984	7896	yes
101697632	30831	yes
7708195	6843	yes
9315133	15503	yes
100883611	7632	yes
9810948	1972	yes
101719179	35127	yes
101201068	11711	yes
0410263	11858	yes
0005735	17205	yes
9806096	27880	yes
9516061	27881	yes
100959500	27882	yes
101270611	12819	yes
7808924	12855	yes
101698453	32905	yes
101682864	31203	yes
101574442	23790	yes
101305205	7633	yes
101681550	780	yes
101157394	11156	yes
1250250	4583	yes
101141667	8732	yes
101279357	3065	yes
8806104	4578	yes
9802899	5094	yes
8506513	12500	yes
9306292	3678	yes
0365263	781	yes
9882301	877	yes
9712714	16866	yes
7604950	11859	yes
101242342	15542	yes
9211867	4110	yes
9509333	19306	yes
101286760	7431	yes
101211769	782	yes
8216186	8749	yes
9011445	8750	yes
101580011	24226	yes
8609491	38923	yes
9505022	33041	yes
9309668	7433	yes
8218602	8443	yes
101738191	37039	yes
9801902	2515	yes
8507720	4759	yes
0355501	8751	yes
8912620	4760	yes
8704517	8752	yes
8207799	10923	yes
101165286	8753	yes
9004784	5129	yes
8903774	784	yes
8208627	3523	yes
8505177	785	yes
8914816	786	yes
9007261	3524	yes
8914818	5131	yes
8914819	3544	yes
8914274	787	yes
8914610	3546	yes
8511159	3548	yes
8914275	788	yes
9424324	40202	yes
101312976	39733	yes
100883416	5144	yes
7707467	13074	yes
7901092	21382	yes
101473576	1973	yes
101096440	11169	yes
101208441	1974	yes
100897685	11170	yes
9107782	6585	yes
101094211	3890	yes
100888969	11188	yes
101261935	3892	yes
101265750	3896	yes
101093791	11177	yes
101253260	3897	yes
101208455	3899	yes
101157212	3900	yes
100960533	3901	yes
101735701	3898	yes
101270895	3902	yes
100960531	3903	yes
101629387	28149	yes
8104312	789	yes
100888896	11179	yes
101125446	3906	yes
8004904	7908	yes
101196487	11181	yes
101262565	11182	yes
101156990	3908	yes
101235661	11184	yes
100888982	11185	yes
101239891	3909	yes
9440157	42754	yes
101762461	3914	yes
0351014	790	yes
101729993	41467	yes
7808448	13017	yes
101093076	3916	yes
101467997	3917	yes
100931790	11187	yes
101157239	3919	yes
101208439	3920	yes
101587480	30678	yes
101578283	30797	yes
9502503	38183	yes
100888967	11189	yes
100936359	8754	yes
8813436	8755	yes
8608087	8756	yes
9804399	8757	yes
9504454	8758	yes
101308636	8759	yes
8506887	8760	yes
9111375	27897	yes
9430802	8761	yes
101264945	8762	yes
8809878	8763	yes
9010000	8764	yes
9303753	8765	yes
9319162	8766	yes
9007264	8767	yes
9007265	8768	yes
9011108	8769	yes
9717388	8770	yes
9417024	8772	yes
9000850	8773	yes
8809880	8774	yes
101649136	29732	yes
9503765	8775	yes
9000851	8776	yes
101297402	8777	yes
9200621	8778	yes
101560941	18465	yes
101208457	3923	yes
101176492	11190	yes
100970666	11191	yes
101240290	3924	yes
100960530	3926	yes
9602487	3930	yes
101560815	16761	yes
100960529	3933	yes
100888960	11193	yes
101468718	3936	yes
101681234	35757	yes
9918227368306676	3895	yes
100888970	11195	yes
101261938	3938	yes
101134380	8780	yes
101119673	3941	yes
100900946	15761	yes
100900943	11199	yes
101157208	3942	yes
101266892	791	yes
101528721	1311	yes
101142708	8993	yes
9612306	15171	yes
101235694	3628	yes
101235690	6854	yes
9010345	3264	yes
101523844	13846	yes
100895309	27899	yes
101176026	18010	yes
101576205	41743	yes
101125969	35989	yes
101517697	324	yes
8506890	5151	yes
9705200	8994	yes
101128698	6755	yes
0226703	23145	yes
0217440	4761	yes
101205669	37201	yes
101091305	11860	yes
7609576	13755	yes
9708816	13848	yes
8300886	4762	yes
9504371	29583	yes
9700070	14569	yes
9203244	8995	yes
101120028	6586	yes
101541838	15861	yes
9201927	13850	yes
9613264	7933	yes
0356504	18802	yes
0006761	7644	yes
101300215	14570	yes
8702038	1206	yes
101304394	792	yes
7809375	8996	yes
0164074	14579	yes
0260564	3453	yes
8910645	1553	yes
9814574	3266	yes
101120122	3265	yes
8701744	14668	yes
101234011	9109	yes
8500858	7645	yes
0372763	4056	yes
7805975	4054	yes
100883450	2490	yes
100883645	2469	yes
100889084	154	yes
0006777	7934	yes
8506895	13851	yes
101568499	21840	yes
101251558	2570	yes
101654734	36397	yes
101238198	42073	yes
0401650	16877	yes
8701186	8998	yes
7902782	17203	yes
9101419	3679	yes
8501808	8999	yes
0150472	8997	yes
8211489	8782	yes
8807037	13297	yes
0372764	8784	yes
8809160	3631	yes
8604127	1808	yes
101483332	14669	yes
101306633	16826	yes
9207179	20617	yes
101255937	794	yes
101297401	8783	yes
7702072	7648	yes
9004522	155	yes
9423827	1340	yes
0370667	17340	yes
101126895	6501	yes
7505459	6503	yes
8505191	16882	yes
9015440	6781	yes
7801723	831	yes
9417471	832	yes
101540061	26013	yes
101475745	9599	yes
7802620	833	yes
8204468	13852	yes
9918418288306676	3945	yes
9421550	9886	yes
101653409	36401	yes
101164773	33275	yes
0322067	834	yes
9815369	16503	yes
9002928	18258	yes
101483449	7436	yes
0112037	1851	yes
7600076	18259	yes
9102074	18260	yes
100883647	28204	yes
0006723	10776	yes
9511375	7437	yes
8610856	17341	yes
8005585	8785	yes
7708381	16885	yes
101320027	13938	yes
101536416	39592	yes
9608387	6380	yes
101090048	16888	yes
9315161	5176	yes
9707113	28207	yes
101647039	29239	yes
8511187	14582	yes
101222144	16646	yes
9889808	13291	yes
0315073	5178	yes
101121949	6991	yes
0043541	13292	yes
101166135	27903	yes
9885956	16651	yes
9607101	23533	yes
101141280	21212	yes
101133002	836	yes
8204476	1682	yes
101579614	24404	yes
8208664	1641	yes
101487380	26546	yes
100963049	1637	yes
9508155	33021	yes
101199824	6782	yes
8219565	4766	yes
100963089	1852	yes
101594885	22819	yes
9208913	10365	yes
9431227	7943	yes
101706399	31997	yes
101125678	3455	yes
101269157	3946	yes
9009288	15650	yes
9436481	11757	yes
8408548	837	yes
8006258	32836	yes
9434444	15649	yes
8800104	4767	yes
0375040	14394	yes
0215166	10787	yes
101647362	32977	yes
101777541	35768	yes
101778566	35769	yes
7502320	14680	yes
8903118	12986	yes
101147645	21713	yes
0330411	19856	yes
7703893	15704	yes
100883692	878	yes
101499207	6976	yes
8800109	13853	yes
8508350	15706	yes
8804476	12533	yes
9441769	7949	yes
101601576	25988	yes
0213155	7774	yes
9884939	19829	yes
100885357	14593	yes
8308958	12521	yes
9612020	12535	yes
8003761	16580	yes
101484711	16894	yes
101519472	37440	yes
8703737	1568	yes
101561091	24422	yes
7910703	318	yes
9009644	8787	yes
101265293	42074	yes
101471619	2574	yes
101519720	12293	yes
2983306R	3633	yes
101692036	36978	yes
8703089	16834	yes
100891853	41821	yes
0173320	7445	yes
0373220	5228	yes
101669191	31267	yes
101690685	36893	yes
101206627	17348	yes
0043306	15039	yes
9608374	5235	yes
9502920	9000	yes
9002937	7955	yes
101277157	31606	yes
9103030	7956	yes
8409413	7957	yes
100973416	29894	yes
9212296	7958	yes
9100879	41836	yes
9436977	7446	yes
101533694	12915	yes
8006263	325	yes
101591369	23007	yes
101573788	21941	yes
101669491	32895	yes
101677796	30593	yes
8411711	8788	yes
100954790	28234	yes
9301979	6803	yes
9300837	8789	yes
8804069	21433	yes
101128793	13221	yes
0245331	6864	yes
8804297	7962	yes
8804070	1638	yes
1256165	7963	yes
9712127	1010	yes
9712132	11864	yes
9206420	41822	yes
7608491	13370	yes
9442482	8791	yes
9423848	42788	yes
8508062	13371	yes
9000874	8792	yes
9513566	839	yes
8703985	11865	yes
101134867	8249	yes
9431861	26246	yes
100887595	27330	yes
101578294	29455	yes
9302235	1639	yes
1273201	476	yes
101124748	9939	yes
9517857	22776	yes
9506311	7713	yes
8918110	6992	yes
101140988	7965	yes
100888704	7966	yes
0375672	12862	yes
9110772	11477	yes
9504563	3728	yes
7909010	1342	yes
9518037	28236	yes
9801774	13228	yes
7603873	7967	yes
9105263	14501	yes
1254354	13231	yes
101465662	32205	yes
101564430	21958	yes
101559025	18644	yes
9204966	1343	yes
101146739	5252	yes
101313350	13378	yes
0150760	9001	yes
101126530	28653	yes
9111820	13242	yes
9114774	7972	yes
101721752	35344	yes
8803460	11	yes
9111391	12	yes
9301980	7977	yes
0174752	9002	yes
101665661	35774	yes
101724904	35775	yes
100887452	30134	yes
100883649	1341	yes
7805992	9147	yes
8004942	9148	yes
100883603	1640	yes
9815947	10366	yes
9306331	13854	yes
9513581	9779	yes
100883432	14594	yes
101219668	32141	yes
0373224	6866	yes
0375434	4081	yes
7603335	5263	yes
8507436	11791	yes
100973463	11942	yes
0043312	7981	yes
9505926	10795	yes
9419066	22201	yes
9301549	11866	yes
8004944	840	yes
9607880	24222	yes
9002940	6867	yes
101138477	8447	yes
101125414	841	yes
101228421	842	yes
101295755	843	yes
101228422	844	yes
101163027	845	yes
101135662	846	yes
9434197	847	yes
100897346	887	yes
9516419	888	yes
101127833	889	yes
101181284	12063	yes
101123358	12064	yes
101182328	12065	yes
101271248	12066	yes
101278296	12067	yes
101278293	12069	yes
101278199	12070	yes
101485942	12071	yes
101230445	12072	yes
101120777	12073	yes
100939725	1580	yes
101129944	12074	yes
101132257	12077	yes
101223548	12078	yes
101278196	12079	yes
101155475	12080	yes
9706854	17260	yes
8703986	3985	yes
101160941	8795	yes
101594320	24620	yes
8405303	10710	yes
101757922	37041	yes
9414907	4768	yes
100898211	16206	yes
7809641	8796	yes
101700650	30719	yes
8500875	330	yes
0400666	7725	yes
9610836	3457	yes
9212301	18012	yes
9440679	29991	yes
8804484	14441	yes
101229646	7714	yes
0155157	16899	yes
101580716	21310	yes
8901229	882	yes
7705721	883	yes
8902526	884	yes
101085384	885	yes
9107463	9003	yes
101230972	890	yes
100955049	12988	yes
101553157	19015	yes
101470897	12094	yes
2984761R	26550	yes
0376757	16138	yes
9437431	32736	yes
9422792	9004	yes
0370723	9005	yes
101485040	15330	yes
101317183	5273	yes
101483831	15707	yes
101549033	18015	yes
8601127	12864	yes
9889534	9157	yes
101120121	158	yes
9109564	16768	yes
9615073	4769	yes
9433869	24716	yes
101473598	9158	yes
9609647	16749	yes
101236111	13076	yes
101315563	17355	yes
101316961	22499	yes
8709159	28952	yes
9423872	891	yes
101485240	38755	yes
101612996	14448	yes
101485241	38754	yes
101585359	26064	yes
101555782	22695	yes
8501389	32802	yes
101560960	22701	yes
101549428	26707	yes
101477940	26078	yes
101616579	26087	yes
100939343	7991	yes
101154361	7680	yes
101770668	41277	yes
8710411	13944	yes
101524465	12866	yes
101239345	12294	yes
101511162	14577	yes
101278120	12295	yes
101256629	12297	yes
101566598	24139	yes
8901623	4873	yes
9416830	16907	yes
101583709	32197	yes
100886238	16207	yes
8706257	4771	yes
8406671	4874	yes
8915377	8798	yes
9202792	4772	yes
7905527	16054	yes
101303952	16220	yes
9421525	24206	yes
101551097	13666	yes
101129617	3648	yes
9607379	3682	yes
9007329	13855	yes
8711660	12803	yes
101481027	16380	yes
100953417	24207	yes
100931242	18810	yes
8411723	13856	yes
9815831	8799	yes
101550220	1591	yes
9114088	2580	yes
101494210	160	yes
0370740	16383	yes
0374636	14252	yes
8704544	10137	yes
100960660	32565	yes
101509707	593	yes
101475844	2583	yes
9518021	12804	yes
101197608	15507	yes
101185472	881	yes
101302943	29607	yes
101227686	13606	yes
101135738	3683	yes
101553404	41823	yes
8215850	11878	yes
8101294	5293	yes
0375327	725	yes
7601655	9008	yes
101686284	36034	yes
101596872	23400	yes
8806785	13857	yes
9888746	7003	yes
101496665	12687	yes
101703450	31679	yes
101497462	6757	yes
101705789	35219	yes
101584391	21311	yes
101256323	5298	yes
101245734	2585	yes
9104124	331	yes
8603310	17363	yes
101572655	42075	yes
101676086	31460	yes
8205248	8001	yes
9882886	3745	yes
9000468	892	yes
9814320	16839	yes
2985108R	1896	yes
101495343	12096	yes
8807913	893	yes
101693805	35785	yes
7900587	9010	yes
0417435	24156	yes
9442916	7007	yes
101264149	17366	yes
8510415	4773	yes
101681801	35433	yes
101153624	2587	yes
101128968	16920	yes
9312789	894	yes
0410447	22119	yes
101245792	2588	yes
8902541	14600	yes
101304010	15651	yes
2985091R	6881	yes
9800465	9176	yes
8303128	14709	yes
9432537	17270	yes
9815649	17271	yes
7611530	8800	yes
8411543	5304	yes
8908762	18953	yes
9306780	7456	yes
101247224	1596	yes
9704962	9177	yes
8608459	332	yes
9815926	7009	yes
9502498	35040	yes
100970070	470	yes
100883604	9179	yes
8306485	5305	yes
2985093R	8801	yes
8610614	333	yes
9008939	334	yes
100890609	9180	yes
8211523	3459	yes
101299723	5306	yes
101153626	2590	yes
101170481	21412	yes
101654694	36915	yes
8811549	11944	yes
0053006	13949	yes
9306359	7008	yes
7611528	21434	yes
101156268	4111	yes
101697320	42201	yes
9706284	1789	yes
101622189	28955	yes
8805307	16829	yes
101208192	14688	yes
7900445	16840	yes
9602087	1897	yes
101231934	4774	yes
9612481	15798	yes
100963739	16921	yes
8511258	17367	yes
8917455	17368	yes
9605411	7025	yes
8307268	7457	yes
8709473	4779	yes
9708388	1043	yes
100890099	35335	yes
101093910	3650	yes
7705865	895	yes
101151457	20483	yes
101695860	32664	yes
101304009	13390	yes
8302946	13950	yes
101537529	30712	yes
0374654	18391	yes
0373007	3988	yes
9715168	17081	yes
7801231	17370	yes
9425873	8009	yes
100901183	1312	yes
9421087	28255	yes
9200413	11480	yes
101510649	4876	yes
9108167	13858	yes
8003052	25990	yes
9013819	9183	yes
9808650	3460	yes
17340520R	30444	yes
9506663	8010	yes
7704136	7011	yes
100897392	13974	yes
101738312	42203	yes
101675570	35434	yes
2985099R	8011	yes
8702105	8803	yes
8000128	5320	yes
101650829	32777	yes
101140517	16935	yes
9512509	39590	yes
0177722	10713	yes
101538885	1489	yes
101525157	9011	yes
101142469	36040	yes
101268948	42160	yes
0411772	18874	yes
100900921	3651	yes
9711270	1812	yes
0116717	18648	yes
9419065	13859	yes
8912329	3686	yes
9004560	9187	yes
0374660	9188	yes
9008950	1444	yes
7613873	8012	yes
0200525	9013	yes
9208958	335	yes
8300127	16925	yes
9215429	13860	yes
9010063	15777	yes
9421547	4775	yes
8702539	7458	yes
8701199	1346	yes
9507614	1347	yes
101170535	2592	yes
101572652	24634	yes
9421297	896	yes
9307690	3989	yes
7906255	4068	yes
9881869	23031	yes
101604520	36844	yes
101623153	24777	yes
101541727	23050	yes
101493803	23021	yes
101312520	3419	yes
0012737	3420	yes
101609393	37939	yes
101491191	23035	yes
9886191	3474	yes
8310780	3490	yes
101152869	3528	yes
101616214	3532	yes
101097023	42766	yes
9885960	3537	yes
9882735	3581	yes
9891704	3584	yes
101196755	10670	yes
101303205	25176	yes
101301198	25185	yes
101738444	42162	yes
101635460	25919	yes
9432918	6587	yes
0420404	8014	yes
101708159	37129	yes
8805635	4776	yes
8706300	24249	yes
8504629	897	yes
101736847	42204	yes
8611087	15652	yes
7702118	2497	yes
0374672	904	yes
8800150	898	yes
101485158	12301	yes
101258411	2596	yes
9815902	1815	yes
9418515	18369	yes
8806809	14996	yes
0112040	4143	yes
9202990	4146	yes
7701852	38705	yes
8409436	16662	yes
8700903	4151	yes
0374701	23497	yes
0405376	4156	yes
7605904	4159	yes
0417442	15715	yes
7902477	4161	yes
0400673	17830	yes
0373027	35790	yes
2985062R	16663	yes
9423515	11880	yes
100890607	3747	yes
8007859	13978	yes
8804099	28400	yes
101650235	32945	yes
8804508	4777	yes
9318481	3094	yes
101606645	24098	yes
101269158	3948	yes
0246127	6218	yes
0365307	17372	yes
9508162	13979	yes
9508160	15627	yes
7600105	17373	yes
9112626	26345	yes
101304007	7016	yes
101475011	899	yes
8910739	900	yes
9510056	1899	yes
101469670	9201	yes
101257528	19403	yes
0366543	7780	yes
0171671	32146	yes
9303579	2519	yes
101266965	7732	yes
0370760	8810	yes
8402693	32208	yes
9211652	9014	yes
7512134	8025	yes
101759159	41541	yes
101251562	2598	yes
8609061	8811	yes
101472191	13180	yes
8004996	7692	yes
101550261	18815	yes
101517095	23322	yes
101244240	27372	yes
8916182	1353	yes
100965259	13182	yes
8506960	19499	yes
0370033	7368	yes
7802649	11484	yes
101140017	1125	yes
9421097	13079	yes
101217089	2600	yes
9508482	28966	yes
8712411	11485	yes
101235568	14783	yes
0374716	8029	yes
101313850	22511	yes
0042124	7831	yes
101273481	9603	yes
9713056	22717	yes
0376166	5378	yes
9616295	11958	yes
101554912	28220	yes
9423309	15110	yes
9712381	7020	yes
8607899	8031	yes
101499225	8032	yes
8007161	6886	yes
101168070	11881	yes
0243704	3661	yes
8917470	10315	yes
8111226	14766	yes
9106628	5393	yes
101238455	17517	yes
7802871	1355	yes
101147692	2599	yes
9014042	7022	yes
9432922	902	yes
8710629	7472	yes
0210174	12569	yes
9111626	8812	yes
8214845	8813	yes
8916799	2793	yes
101674352	36062	yes
101152198	18504	yes
8605825	7580	yes
101619905	25519	yes
9111627	13415	yes
8508395	903	yes
101232337	905	yes
8911335	32147	yes
101676532	30863	yes
9007383	24208	yes
101247254	5412	yes
101300213	7023	yes
9803709	18575	yes
9101456	8035	yes
101128359	9513	yes
100886202	3556	yes
101250764	7581	yes
101213954	14785	yes
101140527	6793	yes
9111433	7474	yes
9810955	20442	yes
101092791	17518	yes
101615660	32581	yes
101263847	9607	yes
9100527	9701	yes
9815893	2211	yes
101530293	7463	yes
101214977	22515	yes
101582422	22121	yes
9613615	13982	yes
101256108	24209	yes
9437093	26648	yes
9507598	30760	yes
0333601	9212	yes
101267281	7024	yes
9306042	20443	yes
8605826	12598	yes
101504351	22092	yes
9107511	7028	yes
9506762	12208	yes
101576715	24546	yes
8003603	12601	yes
9204243	1084	yes
101136878	5426	yes
101737740	33502	yes
9709509	909	yes
0365646	7369	yes
2985179R	7758	yes
0107305	27337	yes
101304551	13428	yes
9434628	1354	yes
101256506	12688	yes
8809243	911	yes
7805421	8814	yes
101474930	13985	yes
9100907	2065	yes
9918487342606676	7349	yes
0374726	9214	yes
101320232	912	yes
100939812	12248	yes
8008349	10715	yes
101276430	12249	yes
9007917	24170	yes
101274068	2561	yes
101566285	3143	yes
9314927	9215	yes
100899600	14638	yes
8508113	1601	yes
9708436	9216	yes
9706389	14650	yes
9440237	3688	yes
1273304	8450	yes
9816585	21250	yes
7808754	3752	yes
7904294	13443	yes
0374731	8815	yes
7705431	8041	yes
9007918	1604	yes
8712260	913	yes
8918131	1126	yes
101567041	13446	yes
0262521	13447	yes
101230907	7033	yes
101478378	18017	yes
101128834	32182	yes
101152341	1349	yes
101234521	13980	yes
101319534	16671	yes
101492420	15936	yes
101299965	11085	yes
7704851	42249	yes
101515919	16687	yes
101263418	13078	yes
101092952	3776	yes
101615153	22021	yes
0364265	9015	yes
8309330	17375	yes
7703701	17883	yes
0045377	8817	yes
7806864	14266	yes
8900208	24421	yes
101146178	22742	yes
101495366	12099	yes
101301086	4039	yes
9602611	5477	yes
101584158	22877	yes
7907126	915	yes
101510759	2604	yes
100888706	3647	yes
101623101	26651	yes
101573920	22033	yes
100892005	8818	yes
9107051	5487	yes
101306759	8823	yes
9616159	916	yes
100888552	10183	yes
101543508	19582	yes
7609811	7035	yes
101546952	13767	yes
101475057	1445	yes
8912686	9234	yes
9415639	12250	yes
8914669	5491	yes
8916517	13770	yes
0374755	7781	yes
9613956	4235	yes
9421530	5494	yes
9503111	20466	yes
0361603	14245	yes
9814863	2004	yes
8704565	14121	yes
9417468	32784	yes
101724868	32813	yes
7503056	7788	yes
8301365	13747	yes
8214119	18881	yes
101190326	14122	yes
7503062	15161	yes
101580524	22128	yes
9430800	1941	yes
9507418	9349	yes
7505579	9350	yes
9010412	21393	yes
9013836	10324	yes
7503067	15056	yes
7802876	8824	yes
0376573	6893	yes
7705085	21437	yes
0137162	6894	yes
8905667	14842	yes
100955807	2541	yes
0376574	3268	yes
101126979	2543	yes
8003002	6226	yes
0151115	3993	yes
7513617	1357	yes
9215446	41243	yes
9804404	6742	yes
0174763	27339	yes
101586617	25756	yes
9315240	12251	yes
101089176	22455	yes
9514582	28272	yes
8606502	9235	yes
101693884	41252	yes
9706280	6895	yes
101189774	41842	yes
8502536	23791	yes
0222526	3464	yes
9613616	7037	yes
8109495	7486	yes
9815648	14846	yes
100888334	5505	yes
9206495	14847	yes
100892857	41486	yes
8106454	917	yes
9301647	25474	yes
9615686	9238	yes
7904301	14848	yes
9201340	2006	yes
2985120R	6219	yes
9101750	13142	yes
8503885	1775	yes
101602037	23481	yes
9803531	14866	yes
7807105	13083	yes
0245075	13779	yes
101730067	37546	yes
0376600	726	yes
9717231	15090	yes
7701859	14857	yes
101250741	14858	yes
101187344	6464	yes
2985121R	10347	yes
101299725	15411	yes
9616326	36077	yes
0417731	13049	yes
8700115	9240	yes
8813912	9241	yes
9007393	23739	yes
7909584	12224	yes
101234237	15091	yes
101234238	15092	yes
9605853	12747	yes
9421567	2607	yes
101531992	2608	yes
9110829	14860	yes
8404176	23484	yes
9200436	5514	yes
101318567	1776	yes
8100809	14862	yes
0177346	1613	yes
0014030	13580	yes
9436705	14863	yes
8610640	1123	yes
101463871	11317	yes
101496866	8825	yes
101262774	8826	yes
101552883	28275	yes
8610343	14341	yes
101639933	24549	yes
7902060	8055	yes
101249598	4176	yes
101307557	14342	yes
8908809	15093	yes
101291247	8827	yes
101265113	2610	yes
9110208	4778	yes
9010756	15094	yes
9815616	2611	yes
101259752	8828	yes
8703516	8829	yes
7902492	8830	yes
9602617	9248	yes
0066127	32235	yes
101468585	14343	yes
8604171	13799	yes
8205768	13863	yes
0375356	25761	yes
101083777	7039	yes
0050222	13864	yes
0052457	14670	yes
8112566	3995	yes
7505563	14348	yes
101230060	7782	yes
8902615	13802	yes
0375360	9875	yes
101232704	7783	yes
8907348	22834	yes
101242019	21531	yes
9431738	15095	yes
9105358	1439	yes
9806360	9253	yes
0425743	1614	yes
8606714	9254	yes
0375361	15937	yes
9301157	5526	yes
8411743	8831	yes
9318488	13806	yes
0173225	21438	yes
8216305	13889	yes
101133858	5532	yes
9808212	13810	yes
0375362	26766	yes
9114645	42786	yes
8502170	1212	yes
7910017	8833	yes
100888554	15259	yes
8102137	11960	yes
7802877	6211	yes
8801384	13890	yes
7505564	6220	yes
9806357	11961	yes
100887391	8834	yes
8506708	8835	yes
9207302	7040	yes
8309333	14962	yes
0376601	1900	yes
0425123	11885	yes
8704308	7041	yes
0366372	27434	yes
7801243	15067	yes
0217132	15096	yes
9435680	11962	yes
8109496	8836	yes
9518034	8819	yes
101231977	10335	yes
0401663	15097	yes
8910747	9785	yes
8806397	33045	yes
0043125	13826	yes
0260316	13827	yes
101489047	1070	yes
7600747	14371	yes
8411341	5536	yes
0367033	15099	yes
101577308	22234	yes
0406041	13917	yes
0102444	13829	yes
101141792	28277	yes
8413200	8060	yes
8309850	3465	yes
101313855	23766	yes
8710425	14377	yes
7703942	8837	yes
9433358	163	yes
9878362	15100	yes
9439510	14375	yes
0136553	22208	yes
8805644	13833	yes
8805847	6899	yes
0262321	4260	yes
8607908	13835	yes
9503759	9263	yes
101130964	15102	yes
101136419	919	yes
2985124R	3467	yes
9010410	8838	yes
8610642	4780	yes
8700909	14386	yes
0425124	11886	yes
2985125R	1615	yes
2985126R	13843	yes
9889915	1359	yes
101180951	6235	yes
8000150	10328	yes
0354343	9266	yes
7600545	3696	yes
8918133	920	yes
8006933	8839	yes
101517692	1616	yes
101504326	2492	yes
9204583	13868	yes
101520702	2493	yes
101605237	31390	yes
101306166	29995	yes
101249830	921	yes
101302699	6900	yes
9100529	17379	yes
101685366	33046	yes
1300031	7355	yes
9312476	922	yes
101197457	5561	yes
101263153	16406	yes
2985127R	14681	yes
9808943	8949	yes
101490061	25620	yes
9424566	20814	yes
8914370	5574	yes
8412174	12951	yes
101273949	3805	yes
0375363	11758	yes
7806594	19169	yes
7511484	13882	yes
100896915	31021	yes
8501420	3597	yes
101516361	3163	yes
0330666	17989	yes
100967627	12541	yes
9812551	5582	yes
7607167	5583	yes
101150203	923	yes
9607688	25857	yes
7909766	1901	yes
8216840	4781	yes
101096515	15116	yes
101083217	5588	yes
101245794	18506	yes
9306405	3663	yes
9216037	7720	yes
9609066	7077	yes
101719675	36225	yes
101497477	15962	yes
101766756	42128	yes
8809954	6901	yes
0203727	27382	yes
0243705	14671	yes
9882906	1363	yes
2985128R	11373	yes
8308647	2615	yes
2985109R	25762	yes
101632727	29557	yes
9507618	3471	yes
7502587	3472	yes
7502589	3492	yes
8207540	3493	yes
9604933	13267	yes
101168228	13892	yes
101262796	24210	yes
101610479	24574	yes
9503761	9283	yes
8802265	19200	yes
100897329	22303	yes
0214055	6902	yes
9881188	7078	yes
9201341	15664	yes
7703944	15019	yes
0014052	7736	yes
101471610	38996	yes
9308427	14178	yes
101234500	7695	yes
0375370	15964	yes
9214933	14132	yes
101604797	41502	yes
9425991	17027	yes
9430794	17384	yes
8607909	3732	yes
101479627	15653	yes
9706084	16224	yes
8605834	13085	yes
2985110R	22246	yes
2985111R	16283	yes
0077340	14639	yes
9815764	7582	yes
2985113R	16386	yes
9206865	16385	yes
101304616	13952	yes
2985112R	14062	yes
101142169	29592	yes
8805645	9286	yes
9502837	12756	yes
9508483	12758	yes
7510258	4261	yes
7903311	5609	yes
9300903	8840	yes
101578780	38831	yes
101701588	35812	yes
101315820	9287	yes
9422688	13696	yes
8702552	8950	yes
100940562	16429	yes
8800764	5615	yes
9103800	8588	yes
9604100	5616	yes
8410622	13958	yes
7609331	31490	yes
100959228	30721	yes
9703616	9290	yes
9604936	11947	yes
0103130	9288	yes
101528166	10160	yes
9803529	32801	yes
9202994	13990	yes
101735273	19916	yes
9305245	6905	yes
2985115R	1711	yes
101468937	28287	yes
101528587	27378	yes
0375373	1365	yes
18020010R	15164	yes
0202503	13025	yes
00140360R	11095	yes
0413415	1373	yes
9441330	21544	yes
9815334	19324	yes
8003807	18455	yes
8506709	9292	yes
7502386	18959	yes
101271025	6904	yes
100887419	8841	yes
0337330	11375	yes
9808008	3997	yes
8811625	24211	yes
8709498	9294	yes
8904840	15965	yes
101589965	22863	yes
8306882	8842	yes
101256527	16704	yes
100963688	5630	yes
2985117R	10940	yes
101627166	29238	yes
9706083	8843	yes
101620585	26228	yes
101201960	925	yes
9705544	8067	yes
101255941	32621	yes
8710631	4190	yes
7908424	4784	yes
9608375	16438	yes
0413675	18524	yes
101124170	8844	yes
101469471	9016	yes
7905788	12831	yes
101096396	13584	yes
101478566	2629	yes
101603896	24755	yes
0346411	24752	yes
9503760	1994	yes
101234168	2630	yes
101503361	33439	yes
9918283075806676	40856	yes
101603118	35817	yes
101156357	6467	yes
101250502	7738	yes
9610837	926	yes
101229024	9301	yes
9206090	7080	yes
8610344	9303	yes
9507088	1461	yes
8904841	7081	yes
8700910	9304	yes
9205811	927	yes
9708966	17283	yes
8907826	15146	yes
0426720	24256	yes
8809255	928	yes
9609059	3994	yes
9501229	8951	yes
101624758	24753	yes
101680867	36820	yes
101137599	10716	yes
8703518	13578	yes
7610510	7497	yes
9706293	1462	yes
8706896	2218	yes
9431853	10395	yes
9315583	868	yes
0157312	9307	yes
8000151	5651	yes
9891002	5652	yes
8405628	14134	yes
0376606	10348	yes
9001952	929	yes
9110830	3599	yes
9704963	8845	yes
9105850	13894	yes
9601804	13021	yes
9433812	1087	yes
7904614	15803	yes
9504818	7498	yes
101598493	25609	yes
9013087	13086	yes
101136916	930	yes
7502105	8068	yes
9308895	24167	yes
101293382	2620	yes
9716531	7786	yes
9892255	931	yes
7702125	932	yes
0375400	14683	yes
7513619	1902	yes
9812512	1463	yes
2985087R	1903	yes
8917478	14310	yes
101469340	3777	yes
100959882	32256	yes
101132728	14673	yes
0224131	14640	yes
7610512	1399	yes
0320626	11887	yes
101620352	24148	yes
9433359	24168	yes
7806056	14311	yes
101284598	14312	yes
101128385	14313	yes
101709200	35799	yes
7705876	13895	yes
0211301	13022	yes
9212352	933	yes
9815374	29786	yes
9703165	13038	yes
8306883	14007	yes
8500513	934	yes
0204522	3778	yes
100909407	18416	yes
101235322	14009	yes
101503669	644	yes
0262322	11378	yes
8902617	11759	yes
0360051	14315	yes
101193653	14316	yes
9504370	8070	yes
9806569	8071	yes
9002991	14317	yes
9004580	7499	yes
0406125	13896	yes
0236512	15474	yes
8006298	14325	yes
0014162	41239	yes
101518405	13088	yes
7906882	3082	yes
7503089	617	yes
9011255	618	yes
7503090	33277	yes
101468335	2024	yes
9012268	28294	yes
0375402	8952	yes
101217933	11322	yes
9702341	15684	yes
2985190R	3653	yes
101483832	15688	yes
8913461	15941	yes
101232233	2624	yes
8406473	937	yes
9102705	6908	yes
101256586	15689	yes
101222974	40250	yes
101517079	1939	yes
0423161	8072	yes
2985191R	1940	yes
101193365	8847	yes
101580767	21762	yes
101649948	28328	yes
8309335	15686	yes
9431308	8846	yes
2985192R	8848	yes
0375404	32002	yes
8911344	9896	yes
101468753	12667	yes
7705086	10449	yes
8102140	14136	yes
8603596	8849	yes
7600111	13908	yes
8910749	8850	yes
0432557	32212	yes
8811626	1464	yes
9508123	938	yes
9423534	15693	yes
0430303	23902	yes
1263116	8821	yes
9200672	8851	yes
7705432	4262	yes
9306050	7084	yes
9318902	33049	yes
100911591	7696	yes
101603887	29588	yes
0404243	6234	yes
9010081	12850	yes
101558292	18897	yes
100893366	16408	yes
101590587	31681	yes
101526295	3195	yes
8309140	940	yes
9612761	3691	yes
8503123	15920	yes
101189458	5696	yes
9504688	8853	yes
9616320	40849	yes
9612485	3495	yes
9202814	17389	yes
9511091	1465	yes
9511372	9319	yes
9800943	13358	yes
101482903	20782	yes
101624698	36599	yes
7801086	10908	yes
8911934	11889	yes
0433604	7089	yes
2985193R	7797	yes
9713484	28296	yes
100957268	35666	yes
8404726	6909	yes
9604934	17212	yes
7908150	31260	yes
9440382	36227	yes
8807705	8854	yes
101090931	17213	yes
101776472	41153	yes
9005421	3779	yes
101125608	942	yes
8610345	35452	yes
9808462	1466	yes
101567362	2027	yes
101144384	35668	yes
0204634	6975	yes
101658534	30956	yes
101233393	8855	yes
9508900	18431	yes
8211545	8856	yes
9505928	8857	yes
9918282681506676	9322	yes
7901143	25118	yes
8109053	8858	yes
9300904	8859	yes
7801773	1367	yes
101490944	2031	yes
101586049	21439	yes
9506309	6910	yes
0361031	3288	yes
8801387	8860	yes
8501884	24212	yes
0055107	11890	yes
101271023	35158	yes
9704532	6917	yes
2985194R	15148	yes
1260201	5703	yes
0014171	3496	yes
8309336	14071	yes
9807281	43035	yes
0376363	20573	yes
8900945	9323	yes
2985195R	13897	yes
101096520	15720	yes
0376362	9890	yes
9206091	14072	yes
8804966	12835	yes
9882935	6911	yes
101189457	12252	yes
9890903	21298	yes
101157530	21299	yes
101526034	7800	yes
101165248	11325	yes
0266262	6978	yes
9812509	12993	yes
101262417	15738	yes
101528691	17772	yes
8504412	11891	yes
9887853	15725	yes
101534130	42866	yes
2985196R	4211	yes
101553823	3199	yes
101638820	41510	yes
9702085	5716	yes
101518419	9329	yes
101524060	25934	yes
9301275	15970	yes
101128775	7787	yes
9439514	7086	yes
9107859	13679	yes
0376332	18984	yes
0333506	15732	yes
9918351179206676	3463	yes
8907828	9331	yes
8200911	4265	yes
8309337	5720	yes
8308648	944	yes
101188638	1371	yes
0014207	15971	yes
9505213	8862	yes
8006508	8343	yes
101144324	33303	yes
101217269	11598	yes
7802879	11964	yes
101628476	28299	yes
0376611	21943	yes
8809257	11351	yes
9509432	945	yes
8502670	10812	yes
9505927	4264	yes
101088169	42868	yes
2985199R	17273	yes
101392167	7719	yes
100971636	11635	yes
8001906	14103	yes
8501885	16251	yes
9109126	6912	yes
7501984	13586	yes
101300401	16228	yes
8508122	3761	yes
0376370	15973	yes
9206498	9522	yes
0376334	6918	yes
101088554	1778	yes
7502387	5737	yes
101230693	3654	yes
0062647	5738	yes
9206499	3220	yes
9214441	6913	yes
0165053	15974	yes
0376372	16276	yes
101235219	12182	yes
101142025	15086	yes
9705610	14534	yes
9504452	18456	yes
8809258	12253	yes
101606001	37013	yes
9206500	12255	yes
0376337	32236	yes
8405364	5753	yes
101701089	35825	yes
9415084	8953	yes
8500909	14116	yes
0222643	13898	yes
9888878	42	yes
9506702	11963	yes
0252052	15160	yes
7600115	4652	yes
0376343	3221	yes
8606160	8865	yes
101274235	8866	yes
101170508	226	yes
9502018	17394	yes
101308490	7509	yes
9306822	14144	yes
9802627	6255	yes
8211546	12930	yes
9001407	9355	yes
101190741	36903	yes
101570622	22110	yes
100898209	25428	yes
9512997	8867	yes
8809259	3655	yes
9434456	3664	yes
8010948	24528	yes
101315005	28626	yes
8211547	33204	yes
9809909	14875	yes
100940729	25317	yes
9206092	9019	yes
101212761	23565	yes
9512496	6919	yes
9104163	2036	yes
9426426	35683	yes
9011490	19326	yes
101152804	6920	yes
8708660	15926	yes
7610519	6699	yes
7910920	7090	yes
9435672	7091	yes
0113724	6221	yes
101147197	17884	yes
101254059	947	yes
101313252	13588	yes
101532664	14151	yes
101185420	13279	yes
0244160	37371	yes
8916635	5789	yes
101159262	1467	yes
101592569	22034	yes
9417080	12213	yes
9435679	8955	yes
9000080	2039	yes
0333507	14870	yes
101236535	14868	yes
9513102	29265	yes
101467978	16035	yes
101467004	16743	yes
101656995	31852	yes
101598241	31851	yes
7501160	11538	yes
101676033	31465	yes
101589530	24834	yes
101769500	39406	yes
101589534	24836	yes
101729235	35490	yes
101589536	24837	yes
101652861	31541	yes
101589539	24838	yes
101589542	24839	yes
101589544	24840	yes
101589550	24841	yes
101589553	24842	yes
101775177	38059	yes
101764819	36763	yes
101596828	32799	yes
101674872	32781	yes
101676073	35504	yes
101708809	35087	yes
101760170	42634	yes
101758685	14963	yes
101705370	35086	yes
101684997	33485	yes
101624439	32251	yes
101669345	32252	yes
101721827	32842	yes
7804134	9320	yes
0313225	1356	yes
101227890	3689	yes
0044652	14879	yes
101490689	14880	yes
9109135	8596	yes
9610505	25132	yes
0323470	4000	yes
101766381	43093	yes
0014133	10816	yes
9314730	8087	yes
0112725	11966	yes
0417737	35367	yes
101128948	18021	yes
0376617	4001	yes
0250641	30984	yes
2985213R	23803	yes
101618821	25577	yes
101751302	35455	yes
101690683	32196	yes
101613665	24569	yes
101643584	31860	yes
101773309	38561	yes
101645355	31859	yes
101130150	23804	yes
101769019	37447	yes
101139309	23805	yes
100957246	23806	yes
101704339	34987	yes
101638123	31861	yes
101699003	33311	yes
2985214R	9365	yes
0323431	14536	yes
9808285	8090	yes
9882736	7789	yes
8607378	6979	yes
8611515	17221	yes
8007168	13899	yes
9609064	1217	yes
7801255	29544	yes
101155056	28603	yes
9435678	12805	yes
8510094	6923	yes
9007422	948	yes
7706787	16843	yes
8704895	24213	yes
101616707	32820	yes
101299403	12691	yes
101716139	34991	yes
9516348	17043	yes
0060450	8092	yes
101147696	2633	yes
8309346	8600	yes
101160857	11895	yes
100909185	15949	yes
9617311	949	yes
101513496	25810	yes
101506777	16001	yes
100889025	7513	yes
7701875	17405	yes
9204265	9373	yes
101633705	27126	yes
101163587	1468	yes
101479829	12101	yes
101135941	1826	yes
9888239	1829	yes
9310752	8095	yes
9882600	7514	yes
9422762	4792	yes
8505245	13900	yes
101153368	43128	yes
8900948	41838	yes
18420110R	3379	yes
101139802	2634	yes
9100916	17407	yes
100892712	16140	yes
101213729	17519	yes
9882895	12542	yes
101475200	16589	yes
0260231	4653	yes
8219702	15187	yes
101623537	35578	yes
9715672	17049	yes
101201025	7098	yes
0103146	14209	yes
101197794	9967	yes
101182345	1375	yes
101519231	6222	yes
7605941	8869	yes
101769215	41312	yes
7707343	5849	yes
8405037	1949	yes
7704869	8108	yes
0230027	8870	yes
9506850	9384	yes
101240303	3954	yes
0376377	19939	yes
2985236R	4793	yes
9612305	5851	yes
8109073	9385	yes
8908862	16594	yes
7605655	7099	yes
9806550	12692	yes
101564536	20884	yes
9815900	13091	yes
0401052	24458	yes
100959585	1942	yes
101717568	22038	yes
101575086	28594	yes
9308945	1376	yes
0412004	24172	yes
0314524	8109	yes
101239023	17223	yes
9815835	26293	yes
9435512	15654	yes
0425746	10309	yes
0376642	31190	yes
8901334	25134	yes
8219208	5850	yes
8103150	15189	yes
101629322	24813	yes
8710980	22145	yes
0400721	24171	yes
8005433	8873	yes
7909593	951	yes
8708682	2520	yes
9209001	3212	yes
9425208	35307	yes
2985248R	8872	yes
9109623	8874	yes
0357443	13120	yes
9306862	1219	yes
9433353	8875	yes
8610370	16394	yes
9815657	11390	yes
101150318	1478	yes
101274889	17230	yes
101478346	18041	yes
101508600	42443	yes
101608648	24431	yes
101316335	24146	yes
101139812	2635	yes
9508567	1470	yes
7500663	17415	yes
101671820	30575	yes
8606191	11392	yes
101758692	36706	yes
7703966	906	yes
9706653	6223	yes
101634614	33173	yes
9430468	14641	yes
101588314	24150	yes
101615147	27827	yes
9434935	3724	yes
101631045	22100	yes
9712707	2123	yes
9203012	13901	yes
101595834	24527	yes
8309230	13902	yes
0165035	11393	yes
101521797	4216	yes
8510930	16719	yes
7808782	11783	yes
2984771R	33528	yes
101643181	35222	yes
8607003	16004	yes
0375272	32215	yes
0400732	32222	yes
101094212	3956	yes
9612996	954	yes
101679980	31889	yes
8806605	4003	yes
100959226	41247	yes
101761026	41248	yes
7603128	12933	yes
101534222	2637	yes
0105454	6619	yes
9201390	11748	yes
8501455	1377	yes
0403234	13026	yes
9423533	15656	yes
101468876	2638	yes
101147698	2639	yes
101150042	14560	yes
101132535	14561	yes
8811105	13903	yes
9802571	6588	yes
0364456	12996	yes
8109087	6224	yes
9100095	11394	yes
8709751	15134	yes
101125647	10346	yes
9610936	16422	yes
101264260	18250	yes
9516534	17291	yes
9214478	7104	yes
101465604	7105	yes
101603758	27385	yes
101093320	8119	yes
9513710	1378	yes
101120118	22372	yes
101125610	13028	yes
101529315	1864	yes
9501023	35213	yes
101475259	20444	yes
101605730	24565	yes
8712028	7106	yes
8900963	13030	yes
101266600	2641	yes
101231818	1865	yes
101713384	35579	yes
101524770	11896	yes
101242662	2642	yes
101197791	7791	yes
0035623	9888	yes
9304400	11396	yes
101465514	30005	yes
9107902	10349	yes
100954969	7107	yes
9607835	24214	yes
8903333	13904	yes
101235389	15757	yes
100890581	4005	yes
100964009	19458	yes
100973394	13256	yes
101590955	161	yes
9814314	10470	yes
9706297	12258	yes
8610688	6930	yes
101674533	31081	yes
101680636	31082	yes
101299742	4006	yes
9509185	9390	yes
101580247	20489	yes
101604290	26330	yes
0046052	14051	yes
7803146	15196	yes
101692753	16718	yes
101498346	16230	yes
101181344	7518	yes
8707812	1379	yes
101632211	15181	yes
0400764	14941	yes
7505689	17298	yes
100955036	8126	yes
8805008	2549	yes
8807334	8127	yes
0255562	14667	yes
0401067	14685	yes
0021406	19691	yes
101088070	7792	yes
101676795	35846	yes
101233142	12875	yes
101278111	12304	yes
101525249	18025	yes
101712576	35581	yes
101241272	11334	yes
101233132	960	yes
101603418	18484	yes
101528330	9393	yes
101696896	35363	yes
9604648	1643	yes
101761119	37842	yes
100890575	1644	yes
101499734	1646	yes
101231976	1645	yes
101528555	24265	yes
101698577	32646	yes
9216904	1650	yes
101697750	32987	yes
100941354	1652	yes
101155473	1653	yes
9502015	1654	yes
101736592	35368	yes
101215604	1655	yes
101674869	32244	yes
101283273	1656	yes
9809671	1657	yes
101651677	29444	yes
8502408	18026	yes
101167924	5884	yes
101284307	1660	yes
101124168	4010	yes
101500075	4011	yes
101500077	4012	yes
101672103	29445	yes
101124171	4013	yes
101500078	4014	yes
101500079	4015	yes
100962779	4016	yes
101124169	4017	yes
101190261	4019	yes
100962782	4020	yes
101500081	26037	yes
101500072	29446	yes
100962781	4023	yes
101500080	4024	yes
101500082	4025	yes
101186374	4026	yes
0410462	4008	yes
0400767	36195	yes
0326264	8130	yes
8503921	33051	yes
101286577	9023	yes
100886622	31009	yes
101189728	36147	yes
8706402	1380	yes
9615568	6783	yes
0331777	9024	yes
0400773	36001	yes
9431867	961	yes
9426182	9792	yes
101286574	2643	yes
100883417	3231	yes
100887420	1381	yes
9508166	12877	yes
9511374	1222	yes
8006959	12841	yes
7613461	16489	yes
101156086	15658	yes
101189034	9026	yes
101517977	22235	yes
101573167	42190	yes
0035665	9028	yes
8218700	9029	yes
9709714	8131	yes
9215515	11398	yes
101597070	24411	yes
9211377	4795	yes
9422763	9030	yes
101142069	15659	yes
8219232	4796	yes
0042005	4217	yes
101636388	32789	yes
7905298	1102	yes
100959175	17012	yes
101778590	22040	yes
9503763	8956	yes
0401060	8876	yes
9804159	6932	yes
101135365	13092	yes
9111470	15864	yes
8809320	6589	yes
7609829	7110	yes
9606526	3693	yes
8101187	10719	yes
8103156	15865	yes
9440588	6309	yes
7512895	9031	yes
9614434	12218	yes
9112672	1223	yes
9009029	16464	yes
0020713	15867	yes
8904467	3499	yes
101719700	35105	yes
8904907	4027	yes
101295103	35692	yes
1302751	8132	yes
100892086	9396	yes
9113791	2046	yes
9100935	8879	yes
101256850	11847	yes
9504819	9526	yes
9008004	4797	yes
7908181	8133	yes
7802914	8880	yes
101290381	28689	yes
100929017	16490	yes
8303326	13906	yes
101627814	31023	yes
100886823	15207	yes
101669124	38645	yes
9882884	15984	yes
9100937	7363	yes
9815751	1382	yes
101150032	18731	yes
9613595	32543	yes
8915233	7520	yes
9815620	15273	yes
9704130	28987	yes
100927567	963	yes
101666944	29433	yes
101631999	29437	yes
101677786	29440	yes
0347631	15640	yes
8201017	8882	yes
101562758	1479	yes
0411011	1383	yes
100892832	5902	yes
101518322	12102	yes
7703976	8887	yes
0042033	4799	yes
9808649	15923	yes
101140025	32797	yes
9433357	9399	yes
0401006	15221	yes
100891857	15921	yes
9303945	33052	yes
9505881	7112	yes
101470760	14691	yes
9433248	10370	yes
101084156	10371	yes
101675107	27392	yes
100897394	7113	yes
0376404	8890	yes
8805022	9400	yes
9012906	10372	yes
101304602	15922	yes
7701902	8883	yes
9435953	10369	yes
7600137	8885	yes
9315625	15981	yes
7905040	5906	yes
8606733	9401	yes
101566341	4028	yes
101143078	15980	yes
8306569	22308	yes
9100365	29989	yes
101152213	2646	yes
100892202	1104	yes
9113797	2149	yes
0376405	7698	yes
101521595	17521	yes
101469429	25137	yes
101303911	15545	yes
100897395	7699	yes
9106714	16231	yes
101264860	4029	yes
8709551	4800	yes
0401007	8893	yes
9422759	1943	yes
9205857	1384	yes
8309883	965	yes
9433361	7522	yes
9312169	966	yes
101156063	22070	yes
101134822	17429	yes
0150372	8139	yes
1272106	7366	yes
101131135	1472	yes
8711562	24216	yes
101570526	21817	yes
7809033	32824	yes
9422756	20446	yes
101627692	31523	yes
9607837	1052	yes
0135054	9034	yes
101532965	25551	yes
0401107	19573	yes
101580419	23124	yes
101631219	27123	yes
101635417	36613	yes
9604937	17214	yes
9435674	967	yes
9436057	968	yes
8208839	16009	yes
8508431	8897	yes
0267442	9036	yes
101599215	25119	yes
101730510	35853	yes
101695048	35854	yes
0054655	9037	yes
7802443	14159	yes
101137103	13361	yes
7708433	13362	yes
8904931	8898	yes
9508565	11897	yes
101167768	10189	yes
101319632	8143	yes
9001454	4805	yes
8806621	17430	yes
8301221	969	yes
101154995	18028	yes
100890393	7793	yes
101253266	12103	yes
8610391	16141	yes
0334721	9038	yes
101266602	2647	yes
101144387	11899	yes
0200547	41828	yes
0254463	4806	yes
8409486	8899	yes
101501666	3794	yes
101494830	10474	yes
7806107	4267	yes
0376412	3386	yes
9100105	13452	yes
101144015	35696	yes
100961504	8900	yes
0144042	4807	yes
8508176	19328	yes
101479826	21083	yes
8303541	30422	yes
7803944	15222	yes
9206575	7150	yes
100883685	18270	yes
101582666	22230	yes
8709766	7117	yes
100898941	16537	yes
7508686	16961	yes
101555934	19588	yes
100894201	16011	yes
101130835	2564	yes
9612504	31443	yes
101247723	19085	yes
8704926	11642	yes
101232529	2152	yes
8608542	8901	yes
100966936	9039	yes
0421110	32234	yes
101462774	2649	yes
9437094	33003	yes
7910948	24374	yes
8703571	8149	yes
0401121	2154	yes
101236354	2650	yes
9007504	9040	yes
101595366	27405	yes
101583421	22231	yes
9431380	6936	yes
9706087	16627	yes
0175411	19700	yes
101309314	18269	yes
9106718	2499	yes
101549629	1473	yes
0356657	4268	yes
101186624	13907	yes
8003849	16407	yes
0401126	4809	yes
100954653	8903	yes
7909102	6236	yes
8406799	15223	yes
9809673	35699	yes
100939345	2494	yes
8507560	8904	yes
8909729	12259	yes
8700164	971	yes
8701858	8957	yes
100886002	6938	yes
8100625	29612	yes
101484755	16536	yes
8708728	8150	yes
8508183	16538	yes
9114967	9042	yes
101572033	22130	yes
8912748	8905	yes
8510590	13909	yes
0365332	8152	yes
0100714	22094	yes
8103046	10909	yes
101248897	2652	yes
8609169	8153	yes
9802574	15224	yes
0376422	6237	yes
101603425	24622	yes
101238549	12306	yes
0401131	10321	yes
0372307	22989	yes
8700166	9409	yes
9313276	11900	yes
7809042	9410	yes
9703164	9411	yes
101517071	3500	yes
101473502	7543	yes
0401132	8606	yes
101590643	35394	yes
0401133	15227	yes
101274347	9414	yes
101499631	9412	yes
100898744	6939	yes
1301573	11402	yes
101260152	4811	yes
8907069	8458	yes
0154720	8155	yes
9812552	972	yes
9610932	973	yes
101623431	22101	yes
101582615	24696	yes
8406521	16628	yes
101201192	7544	yes
101471195	18264	yes
9212404	18274	yes
9208369	7545	yes
101231005	8907	yes
100897350	12307	yes
101083949	24218	yes
0367050	12843	yes
101234999	35860	yes
8907422	11403	yes
101626369	25918	yes
0421737	9889	yes
0152016	9043	yes
8402938	10721	yes
8111305	27407	yes
101258058	2653	yes
101133385	11600	yes
7503623	11601	yes
9012921	11971	yes
0376424	9044	yes
101734781	1474	yes
0376425	6940	yes
101124451	18030	yes
9013641	2500	yes
100954728	16448	yes
101197454	11337	yes
100888160	18031	yes
101760671	12978	yes
101229718	12905	yes
0401220	11266	yes
9102787	4812	yes
8109120	975	yes
101676019	31531	yes
0401141	13640	yes
0427461	33274	yes
100883369	3881	yes
9815683	7399	yes
9306921	11340	yes
1256322	16030	yes
101607800	27408	yes
0231714	7400	yes
101208185	7401	yes
9612022	7546	yes
9015520	976	yes
9200492	7547	yes
9427222	10350	yes
8904486	7548	yes
101318927	15958	yes
9814578	17440	yes
101148926	3784	yes
101201889	7154	yes
9208688	41254	yes
9309004	7155	yes
9430925	1402	yes
9880970	8157	yes
9882809	10351	yes
8803554	15769	yes
101273919	17988	yes
9207397	6981	yes
9106343	13032	yes
0401224	41250	yes
101602701	28646	yes
101291431	12105	yes
1250576	8158	yes
0066751	10841	yes
7802221	11405	yes
1306050	8908	yes
9208117	977	yes
101183755	17601	yes
101238922	17595	yes
101239074	17596	yes
101231360	17597	yes
101291488	17598	yes
101285081	17599	yes
101238921	17600	yes
101491319	17129	yes
9437432	32737	yes
100901316	9419	yes
7509477	37199	yes
8800535	13525	yes
101481266	1480	yes
101178411	2656	yes
0376427	5960	yes
101626590	36238	yes
0401147	42179	yes
0234135	1944	yes
0401150	24335	yes
101130961	1945	yes
101227436	39094	yes
101468093	8459	yes
101552483	18856	yes
8918173	19036	yes
9703530	978	yes
8106540	7552	yes
9607037	5964	yes
100894724	17447	yes
0430463	4813	yes
101547532	15068	yes
100897390	2164	yes
0401152	17448	yes
101472305	12106	yes
101484100	16143	yes
101245157	11603	yes
8908934	19336	yes
7505876	10338	yes
7505881	2169	yes
101291585	8911	yes
0401233	4679	yes
0376442	4814	yes
101273946	8612	yes
7900832	4681	yes
9886009	16039	yes
100936353	16048	yes
9431859	4687	yes
100909380	35707	yes
9307844	10500	yes
9808648	16578	yes
8101368	13920	yes
9815755	24217	yes
7707720	19345	yes
101532368	30902	yes
101186484	1386	yes
101212092	17022	yes
9441434	32049	yes
9211750	6950	yes
8700181	13910	yes
101092707	1888	yes
101298608	1889	yes
9806853	17197	yes
101189384	26041	yes
101598595	21331	yes
7708110	4815	yes
9106748	8912	yes
0103314	40340	yes
0376465	16673	yes
9601800	29547	yes
9502838	9892	yes
0376470	42138	yes
9513551	6951	yes
0226661	27437	yes
101230058	6952	yes
8802734	3510	yes
8904079	3509	yes
8915253	3503	yes
0376473	3504	yes
8807983	16306	yes
9604099	5980	yes
1254142	2174	yes
9606928	3505	yes
101135751	21921	yes
0376475	10322	yes
0435062	8167	yes
0376476	3506	yes
9007542	9429	yes
100940059	9430	yes
101214316	3507	yes
101495376	3508	yes
0376503	17310	yes
9502924	22599	yes
9214524	7556	yes
8401537	9045	yes
7608025	8168	yes
0376505	8913	yes
0024046	9046	yes
9110958	5982	yes
2984829R	3516	yes
101474167	9047	yes
8501498	15236	yes
9808463	2175	yes
9716844	10293	yes
9306503	9436	yes
101558762	3243	yes
9715279	11408	yes
101723786	22066	yes
101250499	17450	yes
101259775	1226	yes
101213861	32231	yes
0144032	2176	yes
9438285	693	yes
9202144	9439	yes
9210257	16631	yes
9306156	8914	yes
0415677	8172	yes
101265111	2658	yes
8109958	1389	yes
8302501	35496	yes
9604102	4817	yes
0123703	4818	yes
101765309	42793	yes
0177625	17008	yes
9317213	43075	yes
101467995	13063	yes
101770876	22051	yes
0401260	14287	yes
8802365	7560	yes
9918266300206676	3960	yes
101776133	3969	yes
9918470777806676	3973	yes
101776469	3974	yes
101266081	3959	yes
101309942	3963	yes
101291922	3978	yes
101605639	24555	yes
9511366	1115	yes
9804508	8916	yes
101278116	12308	yes
8104825	22131	yes
0365337	3517	yes
7802471	4885	yes
101213381	1481	yes
8701128	980	yes
19620690R	11344	yes
101153627	2659	yes
9015668	2551	yes
101778727	38155	yes
8907465	7750	yes
101224380	2660	yes
101291249	9449	yes
100966036	11760	yes
7908221	9450	yes
101773609	14832	yes
8709782	16082	yes
101392499	4270	yes
7806136	15239	yes
8006373	9927	yes
101231974	16084	yes
101167637	6014	yes
101543738	7561	yes
101146940	33054	yes
101140022	12881	yes
101090633	2661	yes
0137356	9048	yes
9616368	6784	yes
9005499	2052	yes
0332173	17145	yes
101298744	32792	yes
8309919	8917	yes
101216893	2662	yes
101717526	22054	yes
101632437	35868	yes
101778593	35872	yes
100940588	16469	yes
0425754	19503	yes
101778594	35877	yes
101770941	35879	yes
100885154	17750	yes
8303003	39681	yes
1267175	13202	yes
9112448	7563	yes
2984779R	10509	yes
8711016	19511	yes
8710716	22064	yes
101270873	3980	yes
100936348	8435	yes
0405571	9874	yes
8708093	4819	yes
8206885	8218	yes
100883501	1391	yes
8109978	6958	yes
101662038	30802	yes
9509184	12806	yes
101235328	12107	yes
101174860	38944	yes
9701104	28037	yes
7805099	30571	yes
0404520	12364	yes
101226212	22491	yes
101276038	32308	yes
9440156	6034	yes
9516979	4226	yes
9436968	23509	yes
9708377	982	yes
8804206	3763	yes
0404375	993	yes
0060105	994	yes
0323767	24375	yes
9111504	11901	yes
9502210	996	yes
8510679	997	yes
0404510	3792	yes
100883503	11646	yes
0321213	998	yes
101144297	24918	yes
101477511	2664	yes
101587186	42865	yes
7511540	19463	yes
7903371	15240	yes
101743576	3519	yes
0236760	1392	yes
8906258	36008	yes
101653440	29739	yes
101655530	11844	yes
101529880	20549	yes
8904113	2187	yes
101640192	29449	yes
101775189	9507	yes
9516228	17209	yes
101688624	32899	yes
101724288	33323	yes
0411361	31121	yes
101563288	24229	yes
101733136	32900	yes
101465400	11115	yes
0330500	15487	yes
101505086	11116	yes
0404511	11114	yes
101131163	29251	yes
2983335R	19688	yes
1306053	4820	yes
9010218	11411	yes
9807630	9466	yes
9607332	11412	yes
8502262	4824	yes
8911629	15242	yes
101240003	4825	yes
0404514	4826	yes
9009458	11413	yes
101308769	8220	yes
8110297	10725	yes
9717520	10726	yes
8110298	4827	yes
8111343	10727	yes
1264464	12945	yes
0420432	4828	yes
8504688	4829	yes
8610759	1002	yes
9441351	4831	yes
9216162	4832	yes
7801132	4833	yes
9202882	4834	yes
100909394	10729	yes
9431858	10730	yes
0053252	4835	yes
8405117	10731	yes
9815944	4838	yes
0431155	10732	yes
8504689	16559	yes
8809602	4839	yes
101204366	17524	yes
9506704	9467	yes
101316472	9050	yes
101242667	7751	yes
101614773	27423	yes
101743493	37224	yes
7705941	8920	yes
9805554	1947	yes
9421564	8921	yes
101676423	35383	yes
101264408	8922	yes
101561193	19299	yes
7701953	8225	yes
101188418	9051	yes
9504453	11902	yes
7809084	10336	yes
9804161	8226	yes
101271531	4840	yes
9804678	12948	yes
101235338	1911	yes
101530974	12109	yes
101724536	41742	yes
101288795	1393	yes
101279009	1230	yes
8804358	8228	yes
8303205	31827	yes
7506743	9479	yes
2984852R	21443	yes
7603729	6077	yes
101308228	6079	yes
8205036	15947	yes
101295070	18033	yes
101623819	31865	yes
9616322	10513	yes
9604503	10514	yes
8203334	10627	yes
9306181	16042	yes
8904127	1003	yes
101095192	24424	yes
101516571	17153	yes
8103755	15243	yes
9602533	15140	yes
9609749	4038	yes
101680856	31866	yes
7610646	8925	yes
101603979	28957	yes
101130732	16776	yes
101151352	6111	yes
101518422	9488	yes
8412297	18279	yes
9315689	8927	yes
101769501	37443	yes
101176023	19269	yes
8215016	7571	yes
9212457	9490	yes
101611300	25619	yes
101316957	15135	yes
101527581	2669	yes
101752767	15660	yes
9304532	1051	yes
101197107	164	yes
101578022	41236	yes
8902881	9052	yes
0404536	17156	yes
9310896	1004	yes
8603469	16679	yes
9617529	1005	yes
101089166	7574	yes
0235266	18993	yes
101689996	36891	yes
101087697	6590	yes
7810364	15991	yes
1250602	16959	yes
8808537	6136	yes
101258060	2670	yes
9602153	1006	yes
9302957	8241	yes
0074243	4841	yes
8806653	16234	yes
9815642	1482	yes
101233809	9497	yes
100888751	8930	yes
9211789	4842	yes
101491209	4843	yes
8608029	16233	yes
9204360	16232	yes
101168329	16760	yes
0417347	3250	yes
0404551	16758	yes
100970884	28993	yes
8806914	13913	yes
9302532	713	yes
101464963	1007	yes
8111384	17473	yes
101580575	22885	yes
2984816R	17159	yes
101270595	17040	yes
8910884	6146	yes
9613614	17244	yes
9704676	8933	yes
9806675	4846	yes
101140941	4047	yes
21120500R	8623	yes
9314590	2064	yes
100959949	1476	yes
0145600	8243	yes
101570881	22158	yes
0256422	11414	yes
9708216	8261	yes
101316343	9535	yes
101316317	9542	yes
101181252	3659	yes
101538870	14578	yes
7909660	8958	yes
101543518	1477	yes
101597411	24772	yes
0407224	35445	yes
101552395	20759	yes
0420544	11247	yes
0421510	17160	yes
101531441	3795	yes
7903387	10737	yes
101198195	4847	yes
0417353	1961	yes
0413423	20323	yes
101601065	25307	yes
0214745	15136	yes
101466659	41517	yes
101466660	41515	yes
101466663	41516	yes
101699923	36197	yes
9209612	1962	yes
101671170	38886	yes
101506764	6982	yes
101465592	12953	yes
8913523	8962	yes
9515174	14591	yes
9439750	14592	yes
8602702	9549	yes
101134521	1011	yes
7905907	9548	yes
9805461	1404	yes
101530765	17527	yes
100939340	11906	yes
101144385	6256	yes
7506129	23332	yes
101319538	2553	yes
101530967	12111	yes
9708119	9551	yes
101095653	15880	yes
9301182	6985	yes
8709027	4848	yes
0417360	15950	yes
9209120	16194	yes
101554668	34746	yes
101591861	22887	yes
101562664	24221	yes
101517297	16196	yes
101595919	26912	yes
9309923	15882	yes
100883688	11907	yes
8908516	15952	yes
101774629	40439	yes
0243532	15883	yes
0132144	8968	yes
100890578	9555	yes
101230758	12956	yes
100955338	1405	yes
101569493	29508	yes
8310903	23054	yes
9108337	12957	yes
9200566	23055	yes
9708669	23056	yes
8805125	23057	yes
9001516	23058	yes
8507085	23059	yes
101635698	32139	yes
100966032	23060	yes
9310916	23061	yes
100966035	23062	yes
7808616	23063	yes
101613233	28973	yes
100966034	23064	yes
7906158	23065	yes
9890299	23066	yes
101263253	2675	yes
1277355	17274	yes
1301706	11972	yes
9610576	7180	yes
0111356	31089	yes
8409922	13040	yes
101775149	38942	yes
9440471	11106	yes
101244624	13539	yes
0417367	29896	yes
7513702	16573	yes
8303585	10873	yes
7909167	24773	yes
0050452	16574	yes
9108340	31596	yes
8809459	8963	yes
8002867	1013	yes
101606807	24774	yes
101539818	16235	yes
0423221	4851	yes
0417373	9055	yes
101602699	36205	yes
0417372	36241	yes
100883818	3660	yes
101592642	28976	yes
101136421	9561	yes
101273479	9647	yes
9610930	9562	yes
101130615	17166	yes
101196722	18357	yes
100965525	1485	yes
100956422	15826	yes
8511904	4852	yes
9815628	4853	yes
8511905	4854	yes
7809942	4855	yes
9880575	6986	yes
101185242	7427	yes
9426187	15927	yes
101678837	27441	yes
7705469	12885	yes
100887377	15928	yes
101680410	35901	yes
0312020	11089	yes
7909485	18990	yes
9209635	15929	yes
0031164	1963	yes
9309551	18509	yes
8100520	12590	yes
8113214	15930	yes
9506308	9564	yes
8916436	33037	yes
8801552	1486	yes
9423843	8274	yes
101231645	2676	yes
101514185	16425	yes
9802575	41839	yes
101531386	12112	yes
8803967	16389	yes
8410979	16853	yes
101509722	17528	yes
8809466	2238	yes
0413606	3666	yes
9881064	9567	yes
9886167	37179	yes
9879497	13287	yes
101476450	35600	yes
7905435	9568	yes
101558993	23857	yes
21620870R	14899	yes
8708475	17481	yes
101524169	11909	yes
101508311	11911	yes
101536955	7587	yes
7608076	6289	yes
101271249	12310	yes
9204382	2067	yes
101575677	25120	yes
101120023	1016	yes
101266603	2677	yes
100883448	31957	yes
9012472	13041	yes
101278599	14897	yes
101518415	9572	yes
7704052	14426	yes
101170544	2678	yes
8307716	8279	yes
101185267	19428	yes
9310939	6989	yes
1306665	1017	yes
9438793	11913	yes
8607637	7591	yes
9506215	8287	yes
9801717	8477	yes
8912155	36539	yes
0414162	8295	yes
101225070	1487	yes
101126433	14358	yes
8807837	13921	yes
101300786	2555	yes
101179386	6	yes
9309124	2242	yes
101499145	1715	yes
9440159	1716	yes
1254476	165	yes
0370570	32978	yes
0370320	377	yes
0370366	1725	yes
0370374	1726	yes
0373062	19900	yes
7603486	1731	yes
8409340	1736	yes
101572336	21419	yes
8706645	1739	yes
101276222	26400	yes
0370436	3176	yes
0045335	3177	yes
9312325	3178	yes
0421406	10763	yes
8502311	10545	yes
8704771	8710	yes
0370465	3180	yes
0207277	14170	yes
0100626	18678	yes
8004854	3179	yes
8110075	4726	yes
0267200	12950	yes
0370476	3181	yes
0370500	10550	yes
8610224	10551	yes
8000029	4727	yes
8704773	10552	yes
0370473	14174	yes
101587185	762	yes
9505216	10554	yes
0370535	10558	yes
0370534	10557	yes
7807205	10564	yes
9503580	10577	yes
100963897	379	yes
0142167	10406	yes
8305839	10407	yes
9800503	4729	yes
8002646	3182	yes
0116744	10405	yes
9100013	10578	yes
7502520	18401	yes
9203131	24909	yes
101502773	10580	yes
15030100R	15585	yes
100883581	11607	yes
101469708	11608	yes
8109699	10585	yes
8006808	11123	yes
0261412	12437	yes
0247660	13349	yes
8214379	12425	yes
9312706	12426	yes
0116711	4277	yes
2985158R	4731	yes
8708534	4732	yes
0400645	29935	yes
100972232	26033	yes
8506498	4733	yes
101517820	12465	yes
101321326	12467	yes
0242543	16730	yes
7708170	16731	yes
100909359	15527	yes
8004872	12474	yes
1251640	16734	yes
101121446	12417	yes
101120682	12418	yes
101120605	11310	yes
101121582	12420	yes
101121149	12421	yes
0372516	11271	yes
0101032	15490	yes
101731706	12428	yes
101731713	12429	yes
101731726	12432	yes
101731723	12430	yes
101731730	12433	yes
101731727	11152	yes
101731731	12434	yes
101731734	12435	yes
1264604	16736	yes
100953583	12808	yes
2984727R	14666	yes
0213264	15492	yes
101671285	33292	yes
9004494	11273	yes
8100316	13691	yes
8213295	28928	yes
9413298	26035	yes
9107377	26036	yes
9889523	15496	yes
9001289	15498	yes
0430773	15499	yes
101698425	32010	yes
9509932	11276	yes
8900488	1661	yes
8504048	16737	yes
9309208	40864	yes
8405235	13738	yes
8800478	12478	yes
7909235	28656	yes
0045503	12479	yes
7605818	12480	yes
101465726	12483	yes
101624623	13735	yes
9812937	13736	yes
9213011	16721	yes
8913178	16739	yes
8812910	15837	yes
9438457	40262	yes
101508793	12486	yes
101392712	37320	yes
9212060	16742	yes
8006226	15129	yes
8904683	15131	yes
7608465	42449	yes
101656080	30004	yes
0227276	15501	yes
0320657	4576	yes
7801702	16858	yes
7513795	14359	yes
101499602	8737	yes
101479941	8739	yes
0047103	4069	yes
0133660	12814	yes
8611877	15502	yes
8406412	16861	yes
101160775	4740	yes
100883537	11277	yes
101525386	20475	yes
7502039	15533	yes
100883319	15534	yes
8309603	15536	yes
9002902	4741	yes
101553659	18464	yes
0057664	2249	yes
101167278	8748	yes
0241111	16052	yes
0367541	16793	yes
101225531	15541	yes
9308777	12914	yes
0372612	4758	yes
9303140	16797	yes
0234361	16867	yes
0100725	16868	yes
8916049	15170	yes
0006252	11157	yes
100956435	3413	yes
9100492	11159	yes
8913428	11160	yes
9811312	11161	yes
8900118	11164	yes
101635599	30794	yes
9815056	11165	yes
9111376	11166	yes
100966133	11167	yes
100883395	11168	yes
9107784	11158	yes
7702986	3184	yes
7701802	3185	yes
7607123	3186	yes
101134613	3187	yes
0372617	3188	yes
101272517	3940	yes
9005353	11281	yes
8508040	13694	yes
0372762	11282	yes
7708205	16815	yes
9607599	10435	yes
101462250	4763	yes
8508335	15543	yes
8305899	12859	yes
100958385	4764	yes
0370657	3215	yes
101139138	16881	yes
7513587	16497	yes
9604391	16498	yes
101602406	27749	yes
7805381	11284	yes
0375037	16892	yes
7807270	4627	yes
0147621	11285	yes
100892858	28949	yes
101531465	10426	yes
9005373	12493	yes
7906240	12861	yes
9207930	12270	yes
9003220	12916	yes
0420510	12824	yes
101247089	13224	yes
100885136	13225	yes
9715169	13227	yes
9109778	13230	yes
9317982	13229	yes
8917383	13233	yes
8106411	13235	yes
8504356	4765	yes
9512728	13237	yes
9111390	13240	yes
7512719	13243	yes
7801727	16897	yes
0373226	11288	yes
0370707	11289	yes
0047061	16821	yes
0402313	16822	yes
0370711	11287	yes
0370712	11290	yes
0370713	11291	yes
101233160	13741	yes
0372772	16900	yes
9505220	11293	yes
16930290R	16904	yes
7702639	12825	yes
8207483	4629	yes
9210143	13168	yes
7902034	13169	yes
101317016	13170	yes
8103137	10798	yes
7513292	11294	yes
9607601	11295	yes
0374630	4770	yes
0010505	16908	yes
0370735	11296	yes
7706761	16823	yes
101167473	16824	yes
8800135	11297	yes
8309633	3190	yes
9204210	10772	yes
0365304	11299	yes
8204531	13334	yes
8302815	10803	yes
9510067	16827	yes
8409431	16828	yes
101280107	14687	yes
0330057	3191	yes
101200317	16922	yes
0374655	15898	yes
0217764	11301	yes
8010936	16924	yes
8002742	12868	yes
7910006	16934	yes
0374675	22011	yes
7806016	16942	yes
101689703	35791	yes
101084138	16825	yes
0226040	16944	yes
9207282	4631	yes
9111860	12550	yes
7909578	12553	yes
8200291	12554	yes
100969716	13458	yes
8401784	12557	yes
9014759	12559	yes
8412849	12565	yes
0374720	13512	yes
9610933	12577	yes
7806862	12580	yes
9711057	12585	yes
100898849	12594	yes
0270707	908	yes
0400675	4633	yes
9200430	12597	yes
101528681	12599	yes
101562474	17768	yes
0314024	13183	yes
7804127	12603	yes
8406214	12608	yes
7603616	12609	yes
101184882	10440	yes
9211274	16717	yes
0374750	15879	yes
9710011	35804	yes
7503051	4049	yes
101490763	13751	yes
7808986	13752	yes
9102136	13753	yes
7906073	13768	yes
1275002	3193	yes
101597220	33401	yes
9114646	6238	yes
7907132	3224	yes
9431305	14123	yes
7503060	10306	yes
100893243	14125	yes
101176252	35826	yes
101613234	35827	yes
8801388	14128	yes
101491368	29341	yes
8710131	13774	yes
8703515	13776	yes
9111870	14131	yes
8812164	11363	yes
0157375	13780	yes
100970413	11364	yes
100888800	13782	yes
8411927	13783	yes
9700068	13784	yes
9442138	13794	yes
8804703	13795	yes
101308347	13798	yes
101139554	13807	yes
8812166	13809	yes
8801383	13811	yes
101300157	13812	yes
9433352	13813	yes
9815671	13825	yes
8704309	13837	yes
101318676	13839	yes
9614685	35645	yes
101128966	13842	yes
0354422	13865	yes
9011485	13866	yes
0153605	13876	yes
9109125	40987	yes
7605913	3194	yes
0401664	11372	yes
8508119	12540	yes
7903310	13885	yes
101083101	3216	yes
7601744	13930	yes
101300022	12928	yes
101534770	13955	yes
101622459	35811	yes
7609631	4782	yes
8806591	13957	yes
101179473	2842	yes
9102703	14179	yes
8503886	13959	yes
8007166	4783	yes
1305440	13965	yes
101487384	13966	yes
2985080R	4636	yes
0014067	11376	yes
9707935	13995	yes
7807107	3217	yes
101322406	13698	yes
101469694	14001	yes
100956211	12870	yes
2985088R	11379	yes
100893612	10326	yes
9716237	14012	yes
8109498	14022	yes
0375403	14140	yes
7905558	14024	yes
0217410	23904	yes
101128757	8852	yes
101132622	14026	yes
101226721	21312	yes
8206428	4785	yes
100898657	14183	yes
8605836	14067	yes
0375410	3251	yes
9610774	14068	yes
8709735	3218	yes
8607529	4786	yes
0052631	4787	yes
101233150	14069	yes
9610507	4788	yes
9882059	14075	yes
101264239	14076	yes
8511298	4789	yes
0376364	3219	yes
101475056	14082	yes
100901141	8861	yes
0376331	14083	yes
8113536	18901	yes
0376333	14084	yes
9112938	4790	yes
1264241	14108	yes
0050303	14110	yes
9812598	12929	yes
9015483	4709	yes
9111633	4791	yes
9011206	11384	yes
101295847	23486	yes
101303204	14117	yes
0376340	11385	yes
0376342	11387	yes
100960995	6254	yes
9508274	12871	yes
0376374	14188	yes
9203369	14157	yes
9014475	3222	yes
8407742	3223	yes
101607771	35831	yes
101163270	12971	yes
8005839	14150	yes
8712262	3225	yes
101238023	35892	yes
100960562	3830	yes
0326144	10818	yes
9430798	16772	yes
101712925	33357	yes
101605555	25567	yes
8912371	10822	yes
101464443	2946	yes
100889186	12931	yes
0375521	16951	yes
8800805	12491	yes
8214883	16036	yes
9432592	12873	yes
7807333	17095	yes
0405543	21313	yes
101160862	16953	yes
0347227	16600	yes
9422753	12896	yes
9713490	16038	yes
0375267	4794	yes
9426302	11391	yes
0210453	13337	yes
100883508	16582	yes
9437794	15510	yes
9312850	16585	yes
100968751	17097	yes
8006324	15511	yes
7500844	15133	yes
9805456	11395	yes
7905289	4660	yes
0400763	16602	yes
101632149	12543	yes
101465345	15512	yes
8805018	4661	yes
8100437	12876	yes
9500169	11397	yes
0401057	10472	yes
0236217	4662	yes
8804532	15544	yes
7806090	15182	yes
7600130	16551	yes
8500749	16552	yes
7605074	15868	yes
8709538	16088	yes
7905589	16087	yes
9709307	11399	yes
9304420	12878	yes
7609387	13339	yes
8219243	8889	yes
0401075	3227	yes
101090848	16716	yes
8511379	16720	yes
7603663	8884	yes
9111474	16548	yes
8303331	16549	yes
8802712	16546	yes
0401101	8894	yes
9709118	4664	yes
101576782	22041	yes
9305697	17113	yes
100890606	4808	yes
9708549	13195	yes
9513583	17115	yes
7806109	15910	yes
8406280	17118	yes
8008690	17120	yes
7905840	17123	yes
101226123	17124	yes
9302888	12901	yes
100940513	12904	yes
0151504	17126	yes
0401223	17127	yes
0151434	4667	yes
9438794	12937	yes
8006349	17128	yes
9882449	12845	yes
9882015	16954	yes
8906641	10842	yes
101558279	17775	yes
8302490	6518	yes
0322116	11406	yes
8217463	12938	yes
101463825	16932	yes
0370121	27122	yes
8211617	15516	yes
8802730	16579	yes
9101496	11407	yes
9806488	15912	yes
0423204	10846	yes
7911385	16060	yes
101723001	16040	yes
7612148	16063	yes
0142657	6953	yes
8002823	10843	yes
0376507	4816	yes
8407192	17138	yes
8214983	11410	yes
0401273	10782	yes
101160559	35865	yes
101122473	12940	yes
8803591	16089	yes
8907468	12880	yes
0401300	12972	yes
101581124	22052	yes
8908438	12941	yes
9214757	31054	yes
101477399	4890	yes
8009022	4892	yes
9425531	17751	yes
101500934	4895	yes
8408032	10506	yes
8712301	42403	yes
7507497	10850	yes
101520867	14168	yes
8804207	16849	yes
9508563	16561	yes
9306979	13248	yes
9610769	4896	yes
8917640	4837	yes
101530546	16831	yes
101656808	33399	yes
100898759	12947	yes
0330501	16564	yes
8904133	10864	yes
101233161	16756	yes
9208188	16757	yes
8306133	12461	yes
101213819	14173	yes
9805378	13095	yes
7608063	13344	yes
0326377	16852	yes
101522599	17161	yes
9715779	13345	yes
9717383	13346	yes
0416575	11415	yes
8712158	4710	yes
7709027	16092	yes
0361055	16090	yes
1307333	16093	yes
9423846	15881	yes
101280339	12955	yes
8804364	4849	yes
101665956	35385	yes
100971555	16722	yes
9433356	12852	yes
0410553	12884	yes
410553	12884	yes
9805460	16560	yes
366151	16570	yes
8406899	17165	yes
8906319	13347	yes
8002006	12974	yes
9706281	12973	yes
7602745	12975	yes
110674	11416	yes
417402	4712	yes
9884362	4713	yes
105072	13286	yes
9505185	12546	yes
101266131	16571	yes
9101000	16572	yes
101528275	15856	yes
9312666	13335	yes
101477604	15891	yes
33370	10878	yes
9508901	10879	yes
413645	10884	yes
9435608	15919	yes
